State,FirstYear,LastYear,Ethnicity,Gender,TotalDeaths
,2016,2020,non-Hispanic Black,Male,1899
Alabama,2016,2020,non-Hispanic Black,Female,232
Alabama,2016,2020,non-Hispanic white,Male,2553
Alabama,2016,2020,non-Hispanic white,Female,647
Alabama,2016,2020,Latinx,Male,70
Alabama,2016,2020,Latinx,Female,14
Alabama,2016,2020,American Indian/Alaska Native (non-Hispanic),Male,
Alabama,2016,2020,American Indian/Alaska Native (non-Hispanic),Female,
Alabama,2016,2020,Asian/Pacific Islander (non-Hispanic),Male,18
Alabama,2016,2020,Asian/Pacific Islander (non-Hispanic),Female,
Alabama,2016,2020,non-Hispanic Black,Male,1608
Alabama,2016,2020,non-Hispanic Black,Female,199
Alabama,2016,2020,non-Hispanic white,Male,460
Alabama,2016,2020,non-Hispanic white,Female,183
Alabama,2016,2020,Latinx,Male,41
Alabama,2016,2020,Latinx,Female,
Alabama,2016,2020,American Indian/Alaska Native (non-Hispanic),Male,
Alabama,2016,2020,American Indian/Alaska Native (non-Hispanic),Female,
Alabama,2016,2020,Asian/Pacific Islander (non-Hispanic),Male,
Alabama,2016,2020,Asian/Pacific Islander (non-Hispanic),Female,
Alabama,2016,2020,non-Hispanic Black,Male,244
Alabama,2016,2020,non-Hispanic Black,Female,29
Alabama,2016,2020,non-Hispanic white,Male,1995
Alabama,2016,2020,non-Hispanic white,Female,440
Alabama,2016,2020,Latinx,Male,27
Alabama,2016,2020,Latinx,Female,
Alabama,2016,2020,American Indian/Alaska Native (non-Hispanic),Male,
Alabama,2016,2020,American Indian/Alaska Native (non-Hispanic),Female,
Alabama,2016,2020,Asian/Pacific Islander (non-Hispanic),Male,10
Alabama,2016,2020,Asian/Pacific Islander (non-Hispanic),Female,
Alaska,2016,2020,non-Hispanic Black,Male,48
Alaska,2016,2020,non-Hispanic Black,Female,
Alaska,2016,2020,non-Hispanic white,Male,407
Alaska,2016,2020,non-Hispanic white,Female,83
Alaska,2016,2020,Latinx,Male,33
Alaska,2016,2020,Latinx,Female,
Alaska,2016,2020,American Indian/Alaska Native (non-Hispanic),Male,195
Alaska,2016,2020,American Indian/Alaska Native (non-Hispanic),Female,46
Alaska,2016,2020,Asian/Pacific Islander (non-Hispanic),Male,27
Alaska,2016,2020,Asian/Pacific Islander (non-Hispanic),Female,10
Alaska,2016,2020,non-Hispanic Black,Male,30
Alaska,2016,2020,non-Hispanic Black,Female,
Alaska,2016,2020,non-Hispanic white,Male,63
Alaska,2016,2020,non-Hispanic white,Female,25
Alaska,2016,2020,Latinx,Male,15
Alaska,2016,2020,Latinx,Female,
Alaska,2016,2020,American Indian/Alaska Native (non-Hispanic),Male,49
Alaska,2016,2020,American Indian/Alaska Native (non-Hispanic),Female,18
Alaska,2016,2020,Asian/Pacific Islander (non-Hispanic),Male,13
Alaska,2016,2020,Asian/Pacific Islander (non-Hispanic),Female,
Alaska,2016,2020,non-Hispanic Black,Male,16
Alaska,2016,2020,non-Hispanic Black,Female,
Alaska,2016,2020,non-Hispanic white,Male,324
Alaska,2016,2020,non-Hispanic white,Female,54
Alaska,2016,2020,Latinx,Male,16
Alaska,2016,2020,Latinx,Female,
Alaska,2016,2020,American Indian/Alaska Native (non-Hispanic),Male,132
Alaska,2016,2020,American Indian/Alaska Native (non-Hispanic),Female,24
Alaska,2016,2020,Asian/Pacific Islander (non-Hispanic),Male,13
Alaska,2016,2020,Asian/Pacific Islander (non-Hispanic),Female,
Arizona,2016,2020,non-Hispanic Black,Male,373
Arizona,2016,2020,non-Hispanic Black,Female,58
Arizona,2016,2020,non-Hispanic white,Male,3091
Arizona,2016,2020,non-Hispanic white,Female,612
Arizona,2016,2020,Latinx,Male,1095
Arizona,2016,2020,Latinx,Female,159
Arizona,2016,2020,American Indian/Alaska Native (non-Hispanic),Male,192
Arizona,2016,2020,American Indian/Alaska Native (non-Hispanic),Female,39
Arizona,2016,2020,Asian/Pacific Islander (non-Hispanic),Male,52
Arizona,2016,2020,Asian/Pacific Islander (non-Hispanic),Female,22
Arizona,2016,2020,non-Hispanic Black,Male,267
Arizona,2016,2020,non-Hispanic Black,Female,34
Arizona,2016,2020,non-Hispanic white,Male,358
Arizona,2016,2020,non-Hispanic white,Female,128
Arizona,2016,2020,Latinx,Male,601
Arizona,2016,2020,Latinx,Female,92
Arizona,2016,2020,American Indian/Alaska Native (non-Hispanic),Male,109
Arizona,2016,2020,American Indian/Alaska Native (non-Hispanic),Female,22
Arizona,2016,2020,Asian/Pacific Islander (non-Hispanic),Male,18
Arizona,2016,2020,Asian/Pacific Islander (non-Hispanic),Female,13
Arizona,2016,2020,non-Hispanic Black,Male,100
Arizona,2016,2020,non-Hispanic Black,Female,21
Arizona,2016,2020,non-Hispanic white,Male,2688
Arizona,2016,2020,non-Hispanic white,Female,471
Arizona,2016,2020,Latinx,Male,456
Arizona,2016,2020,Latinx,Female,61
Arizona,2016,2020,American Indian/Alaska Native (non-Hispanic),Male,71
Arizona,2016,2020,American Indian/Alaska Native (non-Hispanic),Female,15
Arizona,2016,2020,Asian/Pacific Islander (non-Hispanic),Male,34
Arizona,2016,2020,Asian/Pacific Islander (non-Hispanic),Female,
Arkansas,2016,2020,non-Hispanic Black,Male,698
Arkansas,2016,2020,non-Hispanic Black,Female,116
Arkansas,2016,2020,non-Hispanic white,Male,1691
Arkansas,2016,2020,non-Hispanic white,Female,377
Arkansas,2016,2020,Latinx,Male,56
Arkansas,2016,2020,Latinx,Female,13
Arkansas,2016,2020,American Indian/Alaska Native (non-Hispanic),Male,
Arkansas,2016,2020,American Indian/Alaska Native (non-Hispanic),Female,
Arkansas,2016,2020,Asian/Pacific Islander (non-Hispanic),Male,15
Arkansas,2016,2020,Asian/Pacific Islander (non-Hispanic),Female,
Arkansas,2016,2020,non-Hispanic Black,Male,580
Arkansas,2016,2020,non-Hispanic Black,Female,96
Arkansas,2016,2020,non-Hispanic white,Male,282
Arkansas,2016,2020,non-Hispanic white,Female,92
Arkansas,2016,2020,Latinx,Male,27
Arkansas,2016,2020,Latinx,Female,11
Arkansas,2016,2020,American Indian/Alaska Native (non-Hispanic),Male,
Arkansas,2016,2020,American Indian/Alaska Native (non-Hispanic),Female,
Arkansas,2016,2020,Asian/Pacific Islander (non-Hispanic),Male,
Arkansas,2016,2020,Asian/Pacific Islander (non-Hispanic),Female,
Arkansas,2016,2020,non-Hispanic Black,Male,91
Arkansas,2016,2020,non-Hispanic Black,Female,16
Arkansas,2016,2020,non-Hispanic white,Male,1344
Arkansas,2016,2020,non-Hispanic white,Female,276
Arkansas,2016,2020,Latinx,Male,27
Arkansas,2016,2020,Latinx,Female,
Arkansas,2016,2020,American Indian/Alaska Native (non-Hispanic),Male,
Arkansas,2016,2020,American Indian/Alaska Native (non-Hispanic),Female,
Arkansas,2016,2020,Asian/Pacific Islander (non-Hispanic),Male,
Arkansas,2016,2020,Asian/Pacific Islander (non-Hispanic),Female,
California,2016,2020,non-Hispanic Black,Male,2350
California,2016,2020,non-Hispanic Black,Female,241
California,2016,2020,non-Hispanic white,Male,6278
California,2016,2020,non-Hispanic white,Female,966
California,2016,2020,Latinx,Male,4492
California,2016,2020,Latinx,Female,502
California,2016,2020,American Indian/Alaska Native (non-Hispanic),Male,116
California,2016,2020,American Indian/Alaska Native (non-Hispanic),Female,23
California,2016,2020,Asian/Pacific Islander (non-Hispanic),Male,693
California,2016,2020,Asian/Pacific Islander (non-Hispanic),Female,126
California,2016,2020,non-Hispanic Black,Male,2001
California,2016,2020,non-Hispanic Black,Female,212
California,2016,2020,non-Hispanic white,Male,974
California,2016,2020,non-Hispanic white,Female,291
California,2016,2020,Latinx,Male,3259
California,2016,2020,Latinx,Female,387
California,2016,2020,American Indian/Alaska Native (non-Hispanic),Male,60
California,2016,2020,American Indian/Alaska Native (non-Hispanic),Female,17
California,2016,2020,Asian/Pacific Islander (non-Hispanic),Male,284
California,2016,2020,Asian/Pacific Islander (non-Hispanic),Female,82
California,2016,2020,non-Hispanic Black,Male,323
California,2016,2020,non-Hispanic Black,Female,24
California,2016,2020,non-Hispanic white,Male,5217
California,2016,2020,non-Hispanic white,Female,661
California,2016,2020,Latinx,Male,1139
California,2016,2020,Latinx,Female,105
California,2016,2020,American Indian/Alaska Native (non-Hispanic),Male,50
California,2016,2020,American Indian/Alaska Native (non-Hispanic),Female,
California,2016,2020,Asian/Pacific Islander (non-Hispanic),Male,393
California,2016,2020,Asian/Pacific Islander (non-Hispanic),Female,43
Colorado,2016,2020,non-Hispanic Black,Male,272
Colorado,2016,2020,non-Hispanic Black,Female,35
Colorado,2016,2020,non-Hispanic white,Male,2634
Colorado,2016,2020,non-Hispanic white,Female,462
Colorado,2016,2020,Latinx,Male,620
Colorado,2016,2020,Latinx,Female,102
Colorado,2016,2020,American Indian/Alaska Native (non-Hispanic),Male,46
Colorado,2016,2020,American Indian/Alaska Native (non-Hispanic),Female,
Colorado,2016,2020,Asian/Pacific Islander (non-Hispanic),Male,49
Colorado,2016,2020,Asian/Pacific Islander (non-Hispanic),Female,10
Colorado,2016,2020,non-Hispanic Black,Male,196
Colorado,2016,2020,non-Hispanic Black,Female,23
Colorado,2016,2020,non-Hispanic white,Male,311
Colorado,2016,2020,non-Hispanic white,Female,89
Colorado,2016,2020,Latinx,Male,302
Colorado,2016,2020,Latinx,Female,44
Colorado,2016,2020,American Indian/Alaska Native (non-Hispanic),Male,20
Colorado,2016,2020,American Indian/Alaska Native (non-Hispanic),Female,
Colorado,2016,2020,Asian/Pacific Islander (non-Hispanic),Male,16
Colorado,2016,2020,Asian/Pacific Islander (non-Hispanic),Female,
Colorado,2016,2020,non-Hispanic Black,Male,73
Colorado,2016,2020,non-Hispanic Black,Female,10
Colorado,2016,2020,non-Hispanic white,Male,2284
Colorado,2016,2020,non-Hispanic white,Female,364
Colorado,2016,2020,Latinx,Male,305
Colorado,2016,2020,Latinx,Female,58
Colorado,2016,2020,American Indian/Alaska Native (non-Hispanic),Male,24
Colorado,2016,2020,American Indian/Alaska Native (non-Hispanic),Female,
Colorado,2016,2020,Asian/Pacific Islander (non-Hispanic),Male,33
Colorado,2016,2020,Asian/Pacific Islander (non-Hispanic),Female,
Connecticut,2016,2020,non-Hispanic Black,Male,238
Connecticut,2016,2020,non-Hispanic Black,Female,21
Connecticut,2016,2020,non-Hispanic white,Male,516
Connecticut,2016,2020,non-Hispanic white,Female,60
Connecticut,2016,2020,Latinx,Male,95
Connecticut,2016,2020,Latinx,Female,14
Connecticut,2016,2020,American Indian/Alaska Native (non-Hispanic),Male,
Connecticut,2016,2020,American Indian/Alaska Native (non-Hispanic),Female,
Connecticut,2016,2020,Asian/Pacific Islander (non-Hispanic),Male,
Connecticut,2016,2020,Asian/Pacific Islander (non-Hispanic),Female,
Connecticut,2016,2020,non-Hispanic Black,Male,202
Connecticut,2016,2020,non-Hispanic Black,Female,18
Connecticut,2016,2020,non-Hispanic white,Male,39
Connecticut,2016,2020,non-Hispanic white,Female,17
Connecticut,2016,2020,Latinx,Male,73
Connecticut,2016,2020,Latinx,Female,10
Connecticut,2016,2020,American Indian/Alaska Native (non-Hispanic),Male,
Connecticut,2016,2020,American Indian/Alaska Native (non-Hispanic),Female,
Connecticut,2016,2020,Asian/Pacific Islander (non-Hispanic),Male,
Connecticut,2016,2020,Asian/Pacific Islander (non-Hispanic),Female,
Connecticut,2016,2020,non-Hispanic Black,Male,33
Connecticut,2016,2020,non-Hispanic Black,Female,
Connecticut,2016,2020,non-Hispanic white,Male,469
Connecticut,2016,2020,non-Hispanic white,Female,42
Connecticut,2016,2020,Latinx,Male,19
Connecticut,2016,2020,Latinx,Female,
Connecticut,2016,2020,American Indian/Alaska Native (non-Hispanic),Male,
Connecticut,2016,2020,American Indian/Alaska Native (non-Hispanic),Female,
Connecticut,2016,2020,Asian/Pacific Islander (non-Hispanic),Male,
Connecticut,2016,2020,Asian/Pacific Islander (non-Hispanic),Female,
Delaware,2016,2020,non-Hispanic Black,Male,227
Delaware,2016,2020,non-Hispanic Black,Female,28
Delaware,2016,2020,non-Hispanic white,Male,245
Delaware,2016,2020,non-Hispanic white,Female,42
Delaware,2016,2020,Latinx,Male,
Delaware,2016,2020,Latinx,Female,
Delaware,2016,2020,American Indian/Alaska Native (non-Hispanic),Male,
Delaware,2016,2020,American Indian/Alaska Native (non-Hispanic),Female,
Delaware,2016,2020,Asian/Pacific Islander (non-Hispanic),Male,
Delaware,2016,2020,Asian/Pacific Islander (non-Hispanic),Female,
Delaware,2016,2020,non-Hispanic Black,Male,198
Delaware,2016,2020,non-Hispanic Black,Female,25
Delaware,2016,2020,non-Hispanic white,Male,24
Delaware,2016,2020,non-Hispanic white,Female,17
Delaware,2016,2020,Latinx,Male,
Delaware,2016,2020,Latinx,Female,
Delaware,2016,2020,American Indian/Alaska Native (non-Hispanic),Male,
Delaware,2016,2020,American Indian/Alaska Native (non-Hispanic),Female,
Delaware,2016,2020,Asian/Pacific Islander (non-Hispanic),Male,
Delaware,2016,2020,Asian/Pacific Islander (non-Hispanic),Female,
Delaware,2016,2020,non-Hispanic Black,Male,26
Delaware,2016,2020,non-Hispanic Black,Female,
Delaware,2016,2020,non-Hispanic white,Male,217
Delaware,2016,2020,non-Hispanic white,Female,25
Delaware,2016,2020,Latinx,Male,
Delaware,2016,2020,Latinx,Female,
Delaware,2016,2020,American Indian/Alaska Native (non-Hispanic),Male,
Delaware,2016,2020,American Indian/Alaska Native (non-Hispanic),Female,
Delaware,2016,2020,Asian/Pacific Islander (non-Hispanic),Male,
Delaware,2016,2020,Asian/Pacific Islander (non-Hispanic),Female,
District of Columbia,2016,2020,non-Hispanic Black,Male,545
District of Columbia,2016,2020,non-Hispanic Black,Female,52
District of Columbia,2016,2020,non-Hispanic white,Male,15
District of Columbia,2016,2020,non-Hispanic white,Female,
District of Columbia,2016,2020,Latinx,Male,20
District of Columbia,2016,2020,Latinx,Female,
District of Columbia,2016,2020,American Indian/Alaska Native (non-Hispanic),Male,
District of Columbia,2016,2020,American Indian/Alaska Native (non-Hispanic),Female,
District of Columbia,2016,2020,Asian/Pacific Islander (non-Hispanic),Male,
District of Columbia,2016,2020,Asian/Pacific Islander (non-Hispanic),Female,
District of Columbia,2016,2020,non-Hispanic Black,Male,518
District of Columbia,2016,2020,non-Hispanic Black,Female,52
District of Columbia,2016,2020,non-Hispanic white,Male,
District of Columbia,2016,2020,non-Hispanic white,Female,
District of Columbia,2016,2020,Latinx,Male,18
District of Columbia,2016,2020,Latinx,Female,
District of Columbia,2016,2020,American Indian/Alaska Native (non-Hispanic),Male,
District of Columbia,2016,2020,American Indian/Alaska Native (non-Hispanic),Female,
District of Columbia,2016,2020,Asian/Pacific Islander (non-Hispanic),Male,
District of Columbia,2016,2020,Asian/Pacific Islander (non-Hispanic),Female,
District of Columbia,2016,2020,non-Hispanic Black,Male,26
District of Columbia,2016,2020,non-Hispanic Black,Female,
District of Columbia,2016,2020,non-Hispanic white,Male,13
District of Columbia,2016,2020,non-Hispanic white,Female,
District of Columbia,2016,2020,Latinx,Male,
District of Columbia,2016,2020,Latinx,Female,
District of Columbia,2016,2020,American Indian/Alaska Native (non-Hispanic),Male,
District of Columbia,2016,2020,American Indian/Alaska Native (non-Hispanic),Female,
District of Columbia,2016,2020,Asian/Pacific Islander (non-Hispanic),Male,
District of Columbia,2016,2020,Asian/Pacific Islander (non-Hispanic),Female,
Florida,2016,2020,non-Hispanic Black,Male,3179
Florida,2016,2020,non-Hispanic Black,Female,399
Florida,2016,2020,non-Hispanic white,Male,7209
Florida,2016,2020,non-Hispanic white,Female,1510
Florida,2016,2020,Latinx,Male,1482
Florida,2016,2020,Latinx,Female,294
Florida,2016,2020,American Indian/Alaska Native (non-Hispanic),Male,18
Florida,2016,2020,American Indian/Alaska Native (non-Hispanic),Female,
Florida,2016,2020,Asian/Pacific Islander (non-Hispanic),Male,100
Florida,2016,2020,Asian/Pacific Islander (non-Hispanic),Female,24
Florida,2016,2020,non-Hispanic Black,Male,2691
Florida,2016,2020,non-Hispanic Black,Female,337
Florida,2016,2020,non-Hispanic white,Male,941
Florida,2016,2020,non-Hispanic white,Female,388
Florida,2016,2020,Latinx,Male,698
Florida,2016,2020,Latinx,Female,175
Florida,2016,2020,American Indian/Alaska Native (non-Hispanic),Male,
Florida,2016,2020,American Indian/Alaska Native (non-Hispanic),Female,
Florida,2016,2020,Asian/Pacific Islander (non-Hispanic),Male,31
Florida,2016,2020,Asian/Pacific Islander (non-Hispanic),Female,10
Florida,2016,2020,non-Hispanic Black,Male,450
Florida,2016,2020,non-Hispanic Black,Female,54
Florida,2016,2020,non-Hispanic white,Male,6209
Florida,2016,2020,non-Hispanic white,Female,1102
Florida,2016,2020,Latinx,Male,763
Florida,2016,2020,Latinx,Female,114
Florida,2016,2020,American Indian/Alaska Native (non-Hispanic),Male,13
Florida,2016,2020,American Indian/Alaska Native (non-Hispanic),Female,
Florida,2016,2020,Asian/Pacific Islander (non-Hispanic),Male,66
Florida,2016,2020,Asian/Pacific Islander (non-Hispanic),Female,13
Georgia,2016,2020,non-Hispanic Black,Male,3133
Georgia,2016,2020,non-Hispanic Black,Female,446
Georgia,2016,2020,non-Hispanic white,Male,3582
Georgia,2016,2020,non-Hispanic white,Female,865
Georgia,2016,2020,Latinx,Male,282
Georgia,2016,2020,Latinx,Female,30
Georgia,2016,2020,American Indian/Alaska Native (non-Hispanic),Male,
Georgia,2016,2020,American Indian/Alaska Native (non-Hispanic),Female,
Georgia,2016,2020,Asian/Pacific Islander (non-Hispanic),Male,104
Georgia,2016,2020,Asian/Pacific Islander (non-Hispanic),Female,20
Georgia,2016,2020,non-Hispanic Black,Male,2425
Georgia,2016,2020,non-Hispanic Black,Female,326
Georgia,2016,2020,non-Hispanic white,Male,491
Georgia,2016,2020,non-Hispanic white,Female,185
Georgia,2016,2020,Latinx,Male,146
Georgia,2016,2020,Latinx,Female,19
Georgia,2016,2020,American Indian/Alaska Native (non-Hispanic),Male,
Georgia,2016,2020,American Indian/Alaska Native (non-Hispanic),Female,
Georgia,2016,2020,Asian/Pacific Islander (non-Hispanic),Male,42
Georgia,2016,2020,Asian/Pacific Islander (non-Hispanic),Female,11
Georgia,2016,2020,non-Hispanic Black,Male,654
Georgia,2016,2020,non-Hispanic Black,Female,109
Georgia,2016,2020,non-Hispanic white,Male,3024
Georgia,2016,2020,non-Hispanic white,Female,663
Georgia,2016,2020,Latinx,Male,129
Georgia,2016,2020,Latinx,Female,10
Georgia,2016,2020,American Indian/Alaska Native (non-Hispanic),Male,
Georgia,2016,2020,American Indian/Alaska Native (non-Hispanic),Female,
Georgia,2016,2020,Asian/Pacific Islander (non-Hispanic),Male,62
Georgia,2016,2020,Asian/Pacific Islander (non-Hispanic),Female,
Hawaii,2016,2020,non-Hispanic Black,Male,
Hawaii,2016,2020,non-Hispanic Black,Female,
Hawaii,2016,2020,non-Hispanic white,Male,90
Hawaii,2016,2020,non-Hispanic white,Female,10
Hawaii,2016,2020,Latinx,Male,22
Hawaii,2016,2020,Latinx,Female,
Hawaii,2016,2020,American Indian/Alaska Native (non-Hispanic),Male,
Hawaii,2016,2020,American Indian/Alaska Native (non-Hispanic),Female,
Hawaii,2016,2020,Asian/Pacific Islander (non-Hispanic),Male,120
Hawaii,2016,2020,Asian/Pacific Islander (non-Hispanic),Female,21
Hawaii,2016,2020,non-Hispanic Black,Male,
Hawaii,2016,2020,non-Hispanic Black,Female,
Hawaii,2016,2020,non-Hispanic white,Male,14
Hawaii,2016,2020,non-Hispanic white,Female,
Hawaii,2016,2020,Latinx,Male,14
Hawaii,2016,2020,Latinx,Female,
Hawaii,2016,2020,American Indian/Alaska Native (non-Hispanic),Male,
Hawaii,2016,2020,American Indian/Alaska Native (non-Hispanic),Female,
Hawaii,2016,2020,Asian/Pacific Islander (non-Hispanic),Male,47
Hawaii,2016,2020,Asian/Pacific Islander (non-Hispanic),Female,15
Hawaii,2016,2020,non-Hispanic Black,Male,
Hawaii,2016,2020,non-Hispanic Black,Female,
Hawaii,2016,2020,non-Hispanic white,Male,72
Hawaii,2016,2020,non-Hispanic white,Female,
Hawaii,2016,2020,Latinx,Male,
Hawaii,2016,2020,Latinx,Female,
Hawaii,2016,2020,American Indian/Alaska Native (non-Hispanic),Male,
Hawaii,2016,2020,American Indian/Alaska Native (non-Hispanic),Female,
Hawaii,2016,2020,Asian/Pacific Islander (non-Hispanic),Male,67
Hawaii,2016,2020,Asian/Pacific Islander (non-Hispanic),Female,
Idaho,2016,2020,non-Hispanic Black,Male,
Idaho,2016,2020,non-Hispanic Black,Female,
Idaho,2016,2020,non-Hispanic white,Male,1057
Idaho,2016,2020,non-Hispanic white,Female,198
Idaho,2016,2020,Latinx,Male,92
Idaho,2016,2020,Latinx,Female,
Idaho,2016,2020,American Indian/Alaska Native (non-Hispanic),Male,22
Idaho,2016,2020,American Indian/Alaska Native (non-Hispanic),Female,
Idaho,2016,2020,Asian/Pacific Islander (non-Hispanic),Male,
Idaho,2016,2020,Asian/Pacific Islander (non-Hispanic),Female,
Idaho,2016,2020,non-Hispanic Black,Male,
Idaho,2016,2020,non-Hispanic Black,Female,
Idaho,2016,2020,non-Hispanic white,Male,78
Idaho,2016,2020,non-Hispanic white,Female,34
Idaho,2016,2020,Latinx,Male,26
Idaho,2016,2020,Latinx,Female,
Idaho,2016,2020,American Indian/Alaska Native (non-Hispanic),Male,
Idaho,2016,2020,American Indian/Alaska Native (non-Hispanic),Female,
Idaho,2016,2020,Asian/Pacific Islander (non-Hispanic),Male,
Idaho,2016,2020,Asian/Pacific Islander (non-Hispanic),Female,
Idaho,2016,2020,non-Hispanic Black,Male,
Idaho,2016,2020,non-Hispanic Black,Female,
Idaho,2016,2020,non-Hispanic white,Male,954
Idaho,2016,2020,non-Hispanic white,Female,161
Idaho,2016,2020,Latinx,Male,62
Idaho,2016,2020,Latinx,Female,
Idaho,2016,2020,American Indian/Alaska Native (non-Hispanic),Male,16
Idaho,2016,2020,American Indian/Alaska Native (non-Hispanic),Female,
Idaho,2016,2020,Asian/Pacific Islander (non-Hispanic),Male,
Idaho,2016,2020,Asian/Pacific Islander (non-Hispanic),Female,
Illinois,2016,2020,non-Hispanic Black,Male,3588
Illinois,2016,2020,non-Hispanic Black,Female,322
Illinois,2016,2020,non-Hispanic white,Male,2358
Illinois,2016,2020,non-Hispanic white,Female,379
Illinois,2016,2020,Latinx,Male,720
Illinois,2016,2020,Latinx,Female,75
Illinois,2016,2020,American Indian/Alaska Native (non-Hispanic),Male,
Illinois,2016,2020,American Indian/Alaska Native (non-Hispanic),Female,
Illinois,2016,2020,Asian/Pacific Islander (non-Hispanic),Male,48
Illinois,2016,2020,Asian/Pacific Islander (non-Hispanic),Female,
Illinois,2016,2020,non-Hispanic Black,Male,3308
Illinois,2016,2020,non-Hispanic Black,Female,299
Illinois,2016,2020,non-Hispanic white,Male,291
Illinois,2016,2020,non-Hispanic white,Female,103
Illinois,2016,2020,Latinx,Male,575
Illinois,2016,2020,Latinx,Female,56
Illinois,2016,2020,American Indian/Alaska Native (non-Hispanic),Male,
Illinois,2016,2020,American Indian/Alaska Native (non-Hispanic),Female,
Illinois,2016,2020,Asian/Pacific Islander (non-Hispanic),Male,17
Illinois,2016,2020,Asian/Pacific Islander (non-Hispanic),Female,
Illinois,2016,2020,non-Hispanic Black,Male,235
Illinois,2016,2020,non-Hispanic Black,Female,21
Illinois,2016,2020,non-Hispanic white,Male,2026
Illinois,2016,2020,non-Hispanic white,Female,260
Illinois,2016,2020,Latinx,Male,135
Illinois,2016,2020,Latinx,Female,17
Illinois,2016,2020,American Indian/Alaska Native (non-Hispanic),Male,
Illinois,2016,2020,American Indian/Alaska Native (non-Hispanic),Female,
Illinois,2016,2020,Asian/Pacific Islander (non-Hispanic),Male,30
Illinois,2016,2020,Asian/Pacific Islander (non-Hispanic),Female,
Indiana,2016,2020,non-Hispanic Black,Male,1282
Indiana,2016,2020,non-Hispanic Black,Female,180
Indiana,2016,2020,non-Hispanic white,Male,2857
Indiana,2016,2020,non-Hispanic white,Female,542
Indiana,2016,2020,Latinx,Male,179
Indiana,2016,2020,Latinx,Female,26
Indiana,2016,2020,American Indian/Alaska Native (non-Hispanic),Male,
Indiana,2016,2020,American Indian/Alaska Native (non-Hispanic),Female,
Indiana,2016,2020,Asian/Pacific Islander (non-Hispanic),Male,27
Indiana,2016,2020,Asian/Pacific Islander (non-Hispanic),Female,
Indiana,2016,2020,non-Hispanic Black,Male,1094
Indiana,2016,2020,non-Hispanic Black,Female,142
Indiana,2016,2020,non-Hispanic white,Male,452
Indiana,2016,2020,non-Hispanic white,Female,173
Indiana,2016,2020,Latinx,Male,116
Indiana,2016,2020,Latinx,Female,18
Indiana,2016,2020,American Indian/Alaska Native (non-Hispanic),Male,
Indiana,2016,2020,American Indian/Alaska Native (non-Hispanic),Female,
Indiana,2016,2020,Asian/Pacific Islander (non-Hispanic),Male,10
Indiana,2016,2020,Asian/Pacific Islander (non-Hispanic),Female,
Indiana,2016,2020,non-Hispanic Black,Male,162
Indiana,2016,2020,non-Hispanic Black,Female,33
Indiana,2016,2020,non-Hispanic white,Male,2324
Indiana,2016,2020,non-Hispanic white,Female,356
Indiana,2016,2020,Latinx,Male,56
Indiana,2016,2020,Latinx,Female,
Indiana,2016,2020,American Indian/Alaska Native (non-Hispanic),Male,
Indiana,2016,2020,American Indian/Alaska Native (non-Hispanic),Female,
Indiana,2016,2020,Asian/Pacific Islander (non-Hispanic),Male,16
Indiana,2016,2020,Asian/Pacific Islander (non-Hispanic),Female,
Iowa,2016,2020,non-Hispanic Black,Male,142
Iowa,2016,2020,non-Hispanic Black,Female,22
Iowa,2016,2020,non-Hispanic white,Male,1155
Iowa,2016,2020,non-Hispanic white,Female,134
Iowa,2016,2020,Latinx,Male,29
Iowa,2016,2020,Latinx,Female,
Iowa,2016,2020,American Indian/Alaska Native (non-Hispanic),Male,
Iowa,2016,2020,American Indian/Alaska Native (non-Hispanic),Female,
Iowa,2016,2020,Asian/Pacific Islander (non-Hispanic),Male,13
Iowa,2016,2020,Asian/Pacific Islander (non-Hispanic),Female,
Iowa,2016,2020,non-Hispanic Black,Male,117
Iowa,2016,2020,non-Hispanic Black,Female,18
Iowa,2016,2020,non-Hispanic white,Male,98
Iowa,2016,2020,non-Hispanic white,Female,37
Iowa,2016,2020,Latinx,Male,13
Iowa,2016,2020,Latinx,Female,
Iowa,2016,2020,American Indian/Alaska Native (non-Hispanic),Male,
Iowa,2016,2020,American Indian/Alaska Native (non-Hispanic),Female,
Iowa,2016,2020,Asian/Pacific Islander (non-Hispanic),Male,
Iowa,2016,2020,Asian/Pacific Islander (non-Hispanic),Female,
Iowa,2016,2020,non-Hispanic Black,Male,19
Iowa,2016,2020,non-Hispanic Black,Female,
Iowa,2016,2020,non-Hispanic white,Male,1027
Iowa,2016,2020,non-Hispanic white,Female,94
Iowa,2016,2020,Latinx,Male,13
Iowa,2016,2020,Latinx,Female,
Iowa,2016,2020,American Indian/Alaska Native (non-Hispanic),Male,
Iowa,2016,2020,American Indian/Alaska Native (non-Hispanic),Female,
Iowa,2016,2020,Asian/Pacific Islander (non-Hispanic),Male,
Iowa,2016,2020,Asian/Pacific Islander (non-Hispanic),Female,
Kansas,2016,2020,non-Hispanic Black,Male,276
Kansas,2016,2020,non-Hispanic Black,Female,36
Kansas,2016,2020,non-Hispanic white,Male,1348
Kansas,2016,2020,non-Hispanic white,Female,231
Kansas,2016,2020,Latinx,Male,183
Kansas,2016,2020,Latinx,Female,26
Kansas,2016,2020,American Indian/Alaska Native (non-Hispanic),Male,29
Kansas,2016,2020,American Indian/Alaska Native (non-Hispanic),Female,
Kansas,2016,2020,Asian/Pacific Islander (non-Hispanic),Male,18
Kansas,2016,2020,Asian/Pacific Islander (non-Hispanic),Female,
Kansas,2016,2020,non-Hispanic Black,Male,217
Kansas,2016,2020,non-Hispanic Black,Female,24
Kansas,2016,2020,non-Hispanic white,Male,194
Kansas,2016,2020,non-Hispanic white,Female,66
Kansas,2016,2020,Latinx,Male,98
Kansas,2016,2020,Latinx,Female,18
Kansas,2016,2020,American Indian/Alaska Native (non-Hispanic),Male,
Kansas,2016,2020,American Indian/Alaska Native (non-Hispanic),Female,
Kansas,2016,2020,Asian/Pacific Islander (non-Hispanic),Male,
Kansas,2016,2020,Asian/Pacific Islander (non-Hispanic),Female,
Kansas,2016,2020,non-Hispanic Black,Male,55
Kansas,2016,2020,non-Hispanic Black,Female,
Kansas,2016,2020,non-Hispanic white,Male,1123
Kansas,2016,2020,non-Hispanic white,Female,160
Kansas,2016,2020,Latinx,Male,80
Kansas,2016,2020,Latinx,Female,
Kansas,2016,2020,American Indian/Alaska Native (non-Hispanic),Male,18
Kansas,2016,2020,American Indian/Alaska Native (non-Hispanic),Female,
Kansas,2016,2020,Asian/Pacific Islander (non-Hispanic),Male,
Kansas,2016,2020,Asian/Pacific Islander (non-Hispanic),Female,
Kentucky,2016,2020,non-Hispanic Black,Male,596
Kentucky,2016,2020,non-Hispanic Black,Female,87
Kentucky,2016,2020,non-Hispanic white,Male,2561
Kentucky,2016,2020,non-Hispanic white,Female,521
Kentucky,2016,2020,Latinx,Male,60
Kentucky,2016,2020,Latinx,Female,
Kentucky,2016,2020,American Indian/Alaska Native (non-Hispanic),Male,
Kentucky,2016,2020,American Indian/Alaska Native (non-Hispanic),Female,
Kentucky,2016,2020,Asian/Pacific Islander (non-Hispanic),Male,
Kentucky,2016,2020,Asian/Pacific Islander (non-Hispanic),Female,
Kentucky,2016,2020,non-Hispanic Black,Male,487
Kentucky,2016,2020,non-Hispanic Black,Female,71
Kentucky,2016,2020,non-Hispanic white,Male,489
Kentucky,2016,2020,non-Hispanic white,Female,172
Kentucky,2016,2020,Latinx,Male,37
Kentucky,2016,2020,Latinx,Female,
Kentucky,2016,2020,American Indian/Alaska Native (non-Hispanic),Male,
Kentucky,2016,2020,American Indian/Alaska Native (non-Hispanic),Female,
Kentucky,2016,2020,Asian/Pacific Islander (non-Hispanic),Male,
Kentucky,2016,2020,Asian/Pacific Islander (non-Hispanic),Female,
Kentucky,2016,2020,non-Hispanic Black,Male,88
Kentucky,2016,2020,non-Hispanic Black,Female,15
Kentucky,2016,2020,non-Hispanic white,Male,1965
Kentucky,2016,2020,non-Hispanic white,Female,336
Kentucky,2016,2020,Latinx,Male,20
Kentucky,2016,2020,Latinx,Female,
Kentucky,2016,2020,American Indian/Alaska Native (non-Hispanic),Male,
Kentucky,2016,2020,American Indian/Alaska Native (non-Hispanic),Female,
Kentucky,2016,2020,Asian/Pacific Islander (non-Hispanic),Male,
Kentucky,2016,2020,Asian/Pacific Islander (non-Hispanic),Female,
Louisiana,2016,2020,non-Hispanic Black,Male,2401
Louisiana,2016,2020,non-Hispanic Black,Female,307
Louisiana,2016,2020,non-Hispanic white,Male,1869
Louisiana,2016,2020,non-Hispanic white,Female,450
Louisiana,2016,2020,Latinx,Male,86
Louisiana,2016,2020,Latinx,Female,14
Louisiana,2016,2020,American Indian/Alaska Native (non-Hispanic),Male,11
Louisiana,2016,2020,American Indian/Alaska Native (non-Hispanic),Female,10
Louisiana,2016,2020,Asian/Pacific Islander (non-Hispanic),Male,19
Louisiana,2016,2020,Asian/Pacific Islander (non-Hispanic),Female,
Louisiana,2016,2020,non-Hispanic Black,Male,2099
Louisiana,2016,2020,non-Hispanic Black,Female,252
Louisiana,2016,2020,non-Hispanic white,Male,326
Louisiana,2016,2020,non-Hispanic white,Female,114
Louisiana,2016,2020,Latinx,Male,55
Louisiana,2016,2020,Latinx,Female,
Louisiana,2016,2020,American Indian/Alaska Native (non-Hispanic),Male,
Louisiana,2016,2020,American Indian/Alaska Native (non-Hispanic),Female,
Louisiana,2016,2020,Asian/Pacific Islander (non-Hispanic),Male,10
Louisiana,2016,2020,Asian/Pacific Islander (non-Hispanic),Female,
Louisiana,2016,2020,non-Hispanic Black,Male,264
Louisiana,2016,2020,non-Hispanic Black,Female,48
Louisiana,2016,2020,non-Hispanic white,Male,1493
Louisiana,2016,2020,non-Hispanic white,Female,329
Louisiana,2016,2020,Latinx,Male,30
Louisiana,2016,2020,Latinx,Female,
Louisiana,2016,2020,American Indian/Alaska Native (non-Hispanic),Male,
Louisiana,2016,2020,American Indian/Alaska Native (non-Hispanic),Female,
Louisiana,2016,2020,Asian/Pacific Islander (non-Hispanic),Male,
Louisiana,2016,2020,Asian/Pacific Islander (non-Hispanic),Female,
Maine,2016,2020,non-Hispanic Black,Male,
Maine,2016,2020,non-Hispanic Black,Female,
Maine,2016,2020,non-Hispanic white,Male,661
Maine,2016,2020,non-Hispanic white,Female,85
Maine,2016,2020,Latinx,Male,
Maine,2016,2020,Latinx,Female,
Maine,2016,2020,American Indian/Alaska Native (non-Hispanic),Male,
Maine,2016,2020,American Indian/Alaska Native (non-Hispanic),Female,
Maine,2016,2020,Asian/Pacific Islander (non-Hispanic),Male,
Maine,2016,2020,Asian/Pacific Islander (non-Hispanic),Female,
Maine,2016,2020,non-Hispanic Black,Male,
Maine,2016,2020,non-Hispanic Black,Female,
Maine,2016,2020,non-Hispanic white,Male,42
Maine,2016,2020,non-Hispanic white,Female,18
Maine,2016,2020,Latinx,Male,
Maine,2016,2020,Latinx,Female,
Maine,2016,2020,American Indian/Alaska Native (non-Hispanic),Male,
Maine,2016,2020,American Indian/Alaska Native (non-Hispanic),Female,
Maine,2016,2020,Asian/Pacific Islander (non-Hispanic),Male,
Maine,2016,2020,Asian/Pacific Islander (non-Hispanic),Female,
Maine,2016,2020,non-Hispanic Black,Male,
Maine,2016,2020,non-Hispanic Black,Female,
Maine,2016,2020,non-Hispanic white,Male,608
Maine,2016,2020,non-Hispanic white,Female,65
Maine,2016,2020,Latinx,Male,
Maine,2016,2020,Latinx,Female,
Maine,2016,2020,American Indian/Alaska Native (non-Hispanic),Male,
Maine,2016,2020,American Indian/Alaska Native (non-Hispanic),Female,
Maine,2016,2020,Asian/Pacific Islander (non-Hispanic),Male,
Maine,2016,2020,Asian/Pacific Islander (non-Hispanic),Female,
Maryland,2016,2020,non-Hispanic Black,Male,2098
Maryland,2016,2020,non-Hispanic Black,Female,179
Maryland,2016,2020,non-Hispanic white,Male,1103
Maryland,2016,2020,non-Hispanic white,Female,166
Maryland,2016,2020,Latinx,Male,102
Maryland,2016,2020,Latinx,Female,19
Maryland,2016,2020,American Indian/Alaska Native (non-Hispanic),Male,
Maryland,2016,2020,American Indian/Alaska Native (non-Hispanic),Female,
Maryland,2016,2020,Asian/Pacific Islander (non-Hispanic),Male,34
Maryland,2016,2020,Asian/Pacific Islander (non-Hispanic),Female,
Maryland,2016,2020,non-Hispanic Black,Male,1897
Maryland,2016,2020,non-Hispanic Black,Female,158
Maryland,2016,2020,non-Hispanic white,Male,136
Maryland,2016,2020,non-Hispanic white,Female,66
Maryland,2016,2020,Latinx,Male,73
Maryland,2016,2020,Latinx,Female,15
Maryland,2016,2020,American Indian/Alaska Native (non-Hispanic),Male,
Maryland,2016,2020,American Indian/Alaska Native (non-Hispanic),Female,
Maryland,2016,2020,Asian/Pacific Islander (non-Hispanic),Male,12
Maryland,2016,2020,Asian/Pacific Islander (non-Hispanic),Female,
Maryland,2016,2020,non-Hispanic Black,Male,188
Maryland,2016,2020,non-Hispanic Black,Female,21
Maryland,2016,2020,non-Hispanic white,Male,959
Maryland,2016,2020,non-Hispanic white,Female,100
Maryland,2016,2020,Latinx,Male,28
Maryland,2016,2020,Latinx,Female,
Maryland,2016,2020,American Indian/Alaska Native (non-Hispanic),Male,
Maryland,2016,2020,American Indian/Alaska Native (non-Hispanic),Female,
Maryland,2016,2020,Asian/Pacific Islander (non-Hispanic),Male,22
Maryland,2016,2020,Asian/Pacific Islander (non-Hispanic),Female,
Massachusetts,2016,2020,non-Hispanic Black,Male,271
Massachusetts,2016,2020,non-Hispanic Black,Female,10
Massachusetts,2016,2020,non-Hispanic white,Male,676
Massachusetts,2016,2020,non-Hispanic white,Female,81
Massachusetts,2016,2020,Latinx,Male,183
Massachusetts,2016,2020,Latinx,Female,18
Massachusetts,2016,2020,American Indian/Alaska Native (non-Hispanic),Male,
Massachusetts,2016,2020,American Indian/Alaska Native (non-Hispanic),Female,
Massachusetts,2016,2020,Asian/Pacific Islander (non-Hispanic),Male,19
Massachusetts,2016,2020,Asian/Pacific Islander (non-Hispanic),Female,
Massachusetts,2016,2020,non-Hispanic Black,Male,243
Massachusetts,2016,2020,non-Hispanic Black,Female,
Massachusetts,2016,2020,non-Hispanic white,Male,88
Massachusetts,2016,2020,non-Hispanic white,Female,24
Massachusetts,2016,2020,Latinx,Male,152
Massachusetts,2016,2020,Latinx,Female,15
Massachusetts,2016,2020,American Indian/Alaska Native (non-Hispanic),Male,
Massachusetts,2016,2020,American Indian/Alaska Native (non-Hispanic),Female,
Massachusetts,2016,2020,Asian/Pacific Islander (non-Hispanic),Male,
Massachusetts,2016,2020,Asian/Pacific Islander (non-Hispanic),Female,
Massachusetts,2016,2020,non-Hispanic Black,Male,27
Massachusetts,2016,2020,non-Hispanic Black,Female,
Massachusetts,2016,2020,non-Hispanic white,Male,579
Massachusetts,2016,2020,non-Hispanic white,Female,54
Massachusetts,2016,2020,Latinx,Male,29
Massachusetts,2016,2020,Latinx,Female,
Massachusetts,2016,2020,American Indian/Alaska Native (non-Hispanic),Male,
Massachusetts,2016,2020,American Indian/Alaska Native (non-Hispanic),Female,
Massachusetts,2016,2020,Asian/Pacific Islander (non-Hispanic),Male,11
Massachusetts,2016,2020,Asian/Pacific Islander (non-Hispanic),Female,
Michigan,2016,2020,non-Hispanic Black,Male,2024
Michigan,2016,2020,non-Hispanic Black,Female,304
Michigan,2016,2020,non-Hispanic white,Male,3221
Michigan,2016,2020,non-Hispanic white,Female,496
Michigan,2016,2020,Latinx,Male,174
Michigan,2016,2020,Latinx,Female,40
Michigan,2016,2020,American Indian/Alaska Native (non-Hispanic),Male,28
Michigan,2016,2020,American Indian/Alaska Native (non-Hispanic),Female,
Michigan,2016,2020,Asian/Pacific Islander (non-Hispanic),Male,38
Michigan,2016,2020,Asian/Pacific Islander (non-Hispanic),Female,11
Michigan,2016,2020,non-Hispanic Black,Male,1741
Michigan,2016,2020,non-Hispanic Black,Female,246
Michigan,2016,2020,non-Hispanic white,Male,306
Michigan,2016,2020,non-Hispanic white,Female,137
Michigan,2016,2020,Latinx,Male,84
Michigan,2016,2020,Latinx,Female,18
Michigan,2016,2020,American Indian/Alaska Native (non-Hispanic),Male,
Michigan,2016,2020,American Indian/Alaska Native (non-Hispanic),Female,
Michigan,2016,2020,Asian/Pacific Islander (non-Hispanic),Male,11
Michigan,2016,2020,Asian/Pacific Islander (non-Hispanic),Female,
Michigan,2016,2020,non-Hispanic Black,Male,264
Michigan,2016,2020,non-Hispanic Black,Female,53
Michigan,2016,2020,non-Hispanic white,Male,2873
Michigan,2016,2020,non-Hispanic white,Female,345
Michigan,2016,2020,Latinx,Male,86
Michigan,2016,2020,Latinx,Female,22
Michigan,2016,2020,American Indian/Alaska Native (non-Hispanic),Male,22
Michigan,2016,2020,American Indian/Alaska Native (non-Hispanic),Female,
Michigan,2016,2020,Asian/Pacific Islander (non-Hispanic),Male,26
Michigan,2016,2020,Asian/Pacific Islander (non-Hispanic),Female,
Minnesota,2016,2020,non-Hispanic Black,Male,286
Minnesota,2016,2020,non-Hispanic Black,Female,23
Minnesota,2016,2020,non-Hispanic white,Male,1627
Minnesota,2016,2020,non-Hispanic white,Female,193
Minnesota,2016,2020,Latinx,Male,58
Minnesota,2016,2020,Latinx,Female,
Minnesota,2016,2020,American Indian/Alaska Native (non-Hispanic),Male,52
Minnesota,2016,2020,American Indian/Alaska Native (non-Hispanic),Female,12
Minnesota,2016,2020,Asian/Pacific Islander (non-Hispanic),Male,45
Minnesota,2016,2020,Asian/Pacific Islander (non-Hispanic),Female,
Minnesota,2016,2020,non-Hispanic Black,Male,233
Minnesota,2016,2020,non-Hispanic Black,Female,19
Minnesota,2016,2020,non-Hispanic white,Male,128
Minnesota,2016,2020,non-Hispanic white,Female,47
Minnesota,2016,2020,Latinx,Male,27
Minnesota,2016,2020,Latinx,Female,
Minnesota,2016,2020,American Indian/Alaska Native (non-Hispanic),Male,36
Minnesota,2016,2020,American Indian/Alaska Native (non-Hispanic),Female,
Minnesota,2016,2020,Asian/Pacific Islander (non-Hispanic),Male,10
Minnesota,2016,2020,Asian/Pacific Islander (non-Hispanic),Female,
Minnesota,2016,2020,non-Hispanic Black,Male,43
Minnesota,2016,2020,non-Hispanic Black,Female,
Minnesota,2016,2020,non-Hispanic white,Male,1480
Minnesota,2016,2020,non-Hispanic white,Female,143
Minnesota,2016,2020,Latinx,Male,29
Minnesota,2016,2020,Latinx,Female,
Minnesota,2016,2020,American Indian/Alaska Native (non-Hispanic),Male,12
Minnesota,2016,2020,American Indian/Alaska Native (non-Hispanic),Female,
Minnesota,2016,2020,Asian/Pacific Islander (non-Hispanic),Male,35
Minnesota,2016,2020,Asian/Pacific Islander (non-Hispanic),Female,
Mississippi,2016,2020,non-Hispanic Black,Male,1452
Mississippi,2016,2020,non-Hispanic Black,Female,219
Mississippi,2016,2020,non-Hispanic white,Male,1350
Mississippi,2016,2020,non-Hispanic white,Female,329
Mississippi,2016,2020,Latinx,Male,40
Mississippi,2016,2020,Latinx,Female,
Mississippi,2016,2020,American Indian/Alaska Native (non-Hispanic),Male,
Mississippi,2016,2020,American Indian/Alaska Native (non-Hispanic),Female,
Mississippi,2016,2020,Asian/Pacific Islander (non-Hispanic),Male,18
Mississippi,2016,2020,Asian/Pacific Islander (non-Hispanic),Female,
Mississippi,2016,2020,non-Hispanic Black,Male,1182
Mississippi,2016,2020,non-Hispanic Black,Female,191
Mississippi,2016,2020,non-Hispanic white,Male,270
Mississippi,2016,2020,non-Hispanic white,Female,96
Mississippi,2016,2020,Latinx,Male,29
Mississippi,2016,2020,Latinx,Female,
Mississippi,2016,2020,American Indian/Alaska Native (non-Hispanic),Male,
Mississippi,2016,2020,American Indian/Alaska Native (non-Hispanic),Female,
Mississippi,2016,2020,Asian/Pacific Islander (non-Hispanic),Male,
Mississippi,2016,2020,Asian/Pacific Islander (non-Hispanic),Female,
Mississippi,2016,2020,non-Hispanic Black,Male,195
Mississippi,2016,2020,non-Hispanic Black,Female,19
Mississippi,2016,2020,non-Hispanic white,Male,1013
Mississippi,2016,2020,non-Hispanic white,Female,211
Mississippi,2016,2020,Latinx,Male,11
Mississippi,2016,2020,Latinx,Female,
Mississippi,2016,2020,American Indian/Alaska Native (non-Hispanic),Male,
Mississippi,2016,2020,American Indian/Alaska Native (non-Hispanic),Female,
Mississippi,2016,2020,Asian/Pacific Islander (non-Hispanic),Male,10
Mississippi,2016,2020,Asian/Pacific Islander (non-Hispanic),Female,
Missouri,2016,2020,non-Hispanic Black,Male,1924
Missouri,2016,2020,non-Hispanic Black,Female,299
Missouri,2016,2020,non-Hispanic white,Male,3323
Missouri,2016,2020,non-Hispanic white,Female,672
Missouri,2016,2020,Latinx,Male,136
Missouri,2016,2020,Latinx,Female,21
Missouri,2016,2020,American Indian/Alaska Native (non-Hispanic),Male,11
Missouri,2016,2020,American Indian/Alaska Native (non-Hispanic),Female,
Missouri,2016,2020,Asian/Pacific Islander (non-Hispanic),Male,25
Missouri,2016,2020,Asian/Pacific Islander (non-Hispanic),Female,11
Missouri,2016,2020,non-Hispanic Black,Male,1712
Missouri,2016,2020,non-Hispanic Black,Female,265
Missouri,2016,2020,non-Hispanic white,Male,559
Missouri,2016,2020,non-Hispanic white,Female,204
Missouri,2016,2020,Latinx,Male,73
Missouri,2016,2020,Latinx,Female,
Missouri,2016,2020,American Indian/Alaska Native (non-Hispanic),Male,
Missouri,2016,2020,American Indian/Alaska Native (non-Hispanic),Female,
Missouri,2016,2020,Asian/Pacific Islander (non-Hispanic),Male,
Missouri,2016,2020,Asian/Pacific Islander (non-Hispanic),Female,
Missouri,2016,2020,non-Hispanic Black,Male,183
Missouri,2016,2020,non-Hispanic Black,Female,29
Missouri,2016,2020,non-Hispanic white,Male,2681
Missouri,2016,2020,non-Hispanic white,Female,456
Missouri,2016,2020,Latinx,Male,60
Missouri,2016,2020,Latinx,Female,12
Missouri,2016,2020,American Indian/Alaska Native (non-Hispanic),Male,
Missouri,2016,2020,American Indian/Alaska Native (non-Hispanic),Female,
Missouri,2016,2020,Asian/Pacific Islander (non-Hispanic),Male,16
Missouri,2016,2020,Asian/Pacific Islander (non-Hispanic),Female,
Montana,2016,2020,non-Hispanic Black,Male,
Montana,2016,2020,non-Hispanic Black,Female,
Montana,2016,2020,non-Hispanic white,Male,795
Montana,2016,2020,non-Hispanic white,Female,153
Montana,2016,2020,Latinx,Male,28
Montana,2016,2020,Latinx,Female,
Montana,2016,2020,American Indian/Alaska Native (non-Hispanic),Male,64
Montana,2016,2020,American Indian/Alaska Native (non-Hispanic),Female,14
Montana,2016,2020,Asian/Pacific Islander (non-Hispanic),Male,
Montana,2016,2020,Asian/Pacific Islander (non-Hispanic),Female,
Montana,2016,2020,non-Hispanic Black,Male,
Montana,2016,2020,non-Hispanic Black,Female,
Montana,2016,2020,non-Hispanic white,Male,75
Montana,2016,2020,non-Hispanic white,Female,32
Montana,2016,2020,Latinx,Male,
Montana,2016,2020,Latinx,Female,
Montana,2016,2020,American Indian/Alaska Native (non-Hispanic),Male,21
Montana,2016,2020,American Indian/Alaska Native (non-Hispanic),Female,
Montana,2016,2020,Asian/Pacific Islander (non-Hispanic),Male,
Montana,2016,2020,Asian/Pacific Islander (non-Hispanic),Female,
Montana,2016,2020,non-Hispanic Black,Male,
Montana,2016,2020,non-Hispanic Black,Female,
Montana,2016,2020,non-Hispanic white,Male,697
Montana,2016,2020,non-Hispanic white,Female,117
Montana,2016,2020,Latinx,Male,22
Montana,2016,2020,Latinx,Female,
Montana,2016,2020,American Indian/Alaska Native (non-Hispanic),Male,42
Montana,2016,2020,American Indian/Alaska Native (non-Hispanic),Female,
Montana,2016,2020,Asian/Pacific Islander (non-Hispanic),Male,
Montana,2016,2020,Asian/Pacific Islander (non-Hispanic),Female,
Nebraska,2016,2020,non-Hispanic Black,Male,97
Nebraska,2016,2020,non-Hispanic Black,Female,15
Nebraska,2016,2020,non-Hispanic white,Male,663
Nebraska,2016,2020,non-Hispanic white,Female,67
Nebraska,2016,2020,Latinx,Male,46
Nebraska,2016,2020,Latinx,Female,
Nebraska,2016,2020,American Indian/Alaska Native (non-Hispanic),Male,13
Nebraska,2016,2020,American Indian/Alaska Native (non-Hispanic),Female,
Nebraska,2016,2020,Asian/Pacific Islander (non-Hispanic),Male,
Nebraska,2016,2020,Asian/Pacific Islander (non-Hispanic),Female,
Nebraska,2016,2020,non-Hispanic Black,Male,71
Nebraska,2016,2020,non-Hispanic Black,Female,11
Nebraska,2016,2020,non-Hispanic white,Male,58
Nebraska,2016,2020,non-Hispanic white,Female,22
Nebraska,2016,2020,Latinx,Male,20
Nebraska,2016,2020,Latinx,Female,
Nebraska,2016,2020,American Indian/Alaska Native (non-Hispanic),Male,
Nebraska,2016,2020,American Indian/Alaska Native (non-Hispanic),Female,
Nebraska,2016,2020,Asian/Pacific Islander (non-Hispanic),Male,
Nebraska,2016,2020,Asian/Pacific Islander (non-Hispanic),Female,
Nebraska,2016,2020,non-Hispanic Black,Male,22
Nebraska,2016,2020,non-Hispanic Black,Female,
Nebraska,2016,2020,non-Hispanic white,Male,584
Nebraska,2016,2020,non-Hispanic white,Female,41
Nebraska,2016,2020,Latinx,Male,23
Nebraska,2016,2020,Latinx,Female,
Nebraska,2016,2020,American Indian/Alaska Native (non-Hispanic),Male,
Nebraska,2016,2020,American Indian/Alaska Native (non-Hispanic),Female,
Nebraska,2016,2020,Asian/Pacific Islander (non-Hispanic),Male,
Nebraska,2016,2020,Asian/Pacific Islander (non-Hispanic),Female,
Nevada,2016,2020,non-Hispanic Black,Male,343
Nevada,2016,2020,non-Hispanic Black,Female,55
Nevada,2016,2020,non-Hispanic white,Male,1383
Nevada,2016,2020,non-Hispanic white,Female,282
Nevada,2016,2020,Latinx,Male,333
Nevada,2016,2020,Latinx,Female,51
Nevada,2016,2020,American Indian/Alaska Native (non-Hispanic),Male,24
Nevada,2016,2020,American Indian/Alaska Native (non-Hispanic),Female,
Nevada,2016,2020,Asian/Pacific Islander (non-Hispanic),Male,85
Nevada,2016,2020,Asian/Pacific Islander (non-Hispanic),Female,30
Nevada,2016,2020,non-Hispanic Black,Male,252
Nevada,2016,2020,non-Hispanic Black,Female,39
Nevada,2016,2020,non-Hispanic white,Male,176
Nevada,2016,2020,non-Hispanic white,Female,60
Nevada,2016,2020,Latinx,Male,186
Nevada,2016,2020,Latinx,Female,28
Nevada,2016,2020,American Indian/Alaska Native (non-Hispanic),Male,10
Nevada,2016,2020,American Indian/Alaska Native (non-Hispanic),Female,
Nevada,2016,2020,Asian/Pacific Islander (non-Hispanic),Male,25
Nevada,2016,2020,Asian/Pacific Islander (non-Hispanic),Female,16
Nevada,2016,2020,non-Hispanic Black,Male,89
Nevada,2016,2020,non-Hispanic Black,Female,13
Nevada,2016,2020,non-Hispanic white,Male,1189
Nevada,2016,2020,non-Hispanic white,Female,211
Nevada,2016,2020,Latinx,Male,143
Nevada,2016,2020,Latinx,Female,21
Nevada,2016,2020,American Indian/Alaska Native (non-Hispanic),Male,14
Nevada,2016,2020,American Indian/Alaska Native (non-Hispanic),Female,
Nevada,2016,2020,Asian/Pacific Islander (non-Hispanic),Male,59
Nevada,2016,2020,Asian/Pacific Islander (non-Hispanic),Female,14
New Hampshire,2016,2020,non-Hispanic Black,Male,
New Hampshire,2016,2020,non-Hispanic Black,Female,
New Hampshire,2016,2020,non-Hispanic white,Male,591
New Hampshire,2016,2020,non-Hispanic white,Female,101
New Hampshire,2016,2020,Latinx,Male,
New Hampshire,2016,2020,Latinx,Female,
New Hampshire,2016,2020,American Indian/Alaska Native (non-Hispanic),Male,
New Hampshire,2016,2020,American Indian/Alaska Native (non-Hispanic),Female,
New Hampshire,2016,2020,Asian/Pacific Islander (non-Hispanic),Male,
New Hampshire,2016,2020,Asian/Pacific Islander (non-Hispanic),Female,
New Hampshire,2016,2020,non-Hispanic Black,Male,
New Hampshire,2016,2020,non-Hispanic Black,Female,
New Hampshire,2016,2020,non-Hispanic white,Male,45
New Hampshire,2016,2020,non-Hispanic white,Female,17
New Hampshire,2016,2020,Latinx,Male,
New Hampshire,2016,2020,Latinx,Female,
New Hampshire,2016,2020,American Indian/Alaska Native (non-Hispanic),Male,
New Hampshire,2016,2020,American Indian/Alaska Native (non-Hispanic),Female,
New Hampshire,2016,2020,Asian/Pacific Islander (non-Hispanic),Male,
New Hampshire,2016,2020,Asian/Pacific Islander (non-Hispanic),Female,
New Hampshire,2016,2020,non-Hispanic Black,Male,
New Hampshire,2016,2020,non-Hispanic Black,Female,
New Hampshire,2016,2020,non-Hispanic white,Male,539
New Hampshire,2016,2020,non-Hispanic white,Female,83
New Hampshire,2016,2020,Latinx,Male,
New Hampshire,2016,2020,Latinx,Female,
New Hampshire,2016,2020,American Indian/Alaska Native (non-Hispanic),Male,
New Hampshire,2016,2020,American Indian/Alaska Native (non-Hispanic),Female,
New Hampshire,2016,2020,Asian/Pacific Islander (non-Hispanic),Male,
New Hampshire,2016,2020,Asian/Pacific Islander (non-Hispanic),Female,
New Jersey,2016,2020,non-Hispanic Black,Male,929
New Jersey,2016,2020,non-Hispanic Black,Female,86
New Jersey,2016,2020,non-Hispanic white,Male,770
New Jersey,2016,2020,non-Hispanic white,Female,118
New Jersey,2016,2020,Latinx,Male,236
New Jersey,2016,2020,Latinx,Female,26
New Jersey,2016,2020,American Indian/Alaska Native (non-Hispanic),Male,
New Jersey,2016,2020,American Indian/Alaska Native (non-Hispanic),Female,
New Jersey,2016,2020,Asian/Pacific Islander (non-Hispanic),Male,24
New Jersey,2016,2020,Asian/Pacific Islander (non-Hispanic),Female,
New Jersey,2016,2020,non-Hispanic Black,Male,855
New Jersey,2016,2020,non-Hispanic Black,Female,82
New Jersey,2016,2020,non-Hispanic white,Male,66
New Jersey,2016,2020,non-Hispanic white,Female,37
New Jersey,2016,2020,Latinx,Male,168
New Jersey,2016,2020,Latinx,Female,20
New Jersey,2016,2020,American Indian/Alaska Native (non-Hispanic),Male,
New Jersey,2016,2020,American Indian/Alaska Native (non-Hispanic),Female,
New Jersey,2016,2020,Asian/Pacific Islander (non-Hispanic),Male,11
New Jersey,2016,2020,Asian/Pacific Islander (non-Hispanic),Female,
New Jersey,2016,2020,non-Hispanic Black,Male,69
New Jersey,2016,2020,non-Hispanic Black,Female,
New Jersey,2016,2020,non-Hispanic white,Male,694
New Jersey,2016,2020,non-Hispanic white,Female,77
New Jersey,2016,2020,Latinx,Male,62
New Jersey,2016,2020,Latinx,Female,
New Jersey,2016,2020,American Indian/Alaska Native (non-Hispanic),Male,
New Jersey,2016,2020,American Indian/Alaska Native (non-Hispanic),Female,
New Jersey,2016,2020,Asian/Pacific Islander (non-Hispanic),Male,13
New Jersey,2016,2020,Asian/Pacific Islander (non-Hispanic),Female,
New Mexico,2016,2020,non-Hispanic Black,Male,75
New Mexico,2016,2020,non-Hispanic Black,Female,
New Mexico,2016,2020,non-Hispanic white,Male,851
New Mexico,2016,2020,non-Hispanic white,Female,177
New Mexico,2016,2020,Latinx,Male,768
New Mexico,2016,2020,Latinx,Female,135
New Mexico,2016,2020,American Indian/Alaska Native (non-Hispanic),Male,114
New Mexico,2016,2020,American Indian/Alaska Native (non-Hispanic),Female,14
New Mexico,2016,2020,Asian/Pacific Islander (non-Hispanic),Male,13
New Mexico,2016,2020,Asian/Pacific Islander (non-Hispanic),Female,
New Mexico,2016,2020,non-Hispanic Black,Male,46
New Mexico,2016,2020,non-Hispanic Black,Female,
New Mexico,2016,2020,non-Hispanic white,Male,117
New Mexico,2016,2020,non-Hispanic white,Female,36
New Mexico,2016,2020,Latinx,Male,381
New Mexico,2016,2020,Latinx,Female,83
New Mexico,2016,2020,American Indian/Alaska Native (non-Hispanic),Male,53
New Mexico,2016,2020,American Indian/Alaska Native (non-Hispanic),Female,11
New Mexico,2016,2020,Asian/Pacific Islander (non-Hispanic),Male,
New Mexico,2016,2020,Asian/Pacific Islander (non-Hispanic),Female,
New Mexico,2016,2020,non-Hispanic Black,Male,27
New Mexico,2016,2020,non-Hispanic Black,Female,
New Mexico,2016,2020,non-Hispanic white,Male,713
New Mexico,2016,2020,non-Hispanic white,Female,138
New Mexico,2016,2020,Latinx,Male,362
New Mexico,2016,2020,Latinx,Female,49
New Mexico,2016,2020,American Indian/Alaska Native (non-Hispanic),Male,59
New Mexico,2016,2020,American Indian/Alaska Native (non-Hispanic),Female,
New Mexico,2016,2020,Asian/Pacific Islander (non-Hispanic),Male,
New Mexico,2016,2020,Asian/Pacific Islander (non-Hispanic),Female,
New York,2016,2020,non-Hispanic Black,Male,1349
New York,2016,2020,non-Hispanic Black,Female,110
New York,2016,2020,non-Hispanic white,Male,2077
New York,2016,2020,non-Hispanic white,Female,244
New York,2016,2020,Latinx,Male,427
New York,2016,2020,Latinx,Female,41
New York,2016,2020,American Indian/Alaska Native (non-Hispanic),Male,
New York,2016,2020,American Indian/Alaska Native (non-Hispanic),Female,
New York,2016,2020,Asian/Pacific Islander (non-Hispanic),Male,48
New York,2016,2020,Asian/Pacific Islander (non-Hispanic),Female,
New York,2016,2020,non-Hispanic Black,Male,1202
New York,2016,2020,non-Hispanic Black,Female,96
New York,2016,2020,non-Hispanic white,Male,206
New York,2016,2020,non-Hispanic white,Female,95
New York,2016,2020,Latinx,Male,326
New York,2016,2020,Latinx,Female,38
New York,2016,2020,American Indian/Alaska Native (non-Hispanic),Male,
New York,2016,2020,American Indian/Alaska Native (non-Hispanic),Female,
New York,2016,2020,Asian/Pacific Islander (non-Hispanic),Male,20
New York,2016,2020,Asian/Pacific Islander (non-Hispanic),Female,
New York,2016,2020,non-Hispanic Black,Male,137
New York,2016,2020,non-Hispanic Black,Female,13
New York,2016,2020,non-Hispanic white,Male,1847
New York,2016,2020,non-Hispanic white,Female,142
New York,2016,2020,Latinx,Male,93
New York,2016,2020,Latinx,Female,
New York,2016,2020,American Indian/Alaska Native (non-Hispanic),Male,
New York,2016,2020,American Indian/Alaska Native (non-Hispanic),Female,
New York,2016,2020,Asian/Pacific Islander (non-Hispanic),Male,26
New York,2016,2020,Asian/Pacific Islander (non-Hispanic),Female,
North Carolina,2016,2020,non-Hispanic Black,Male,2117
North Carolina,2016,2020,non-Hispanic Black,Female,271
North Carolina,2016,2020,non-Hispanic white,Male,3680
North Carolina,2016,2020,non-Hispanic white,Female,798
North Carolina,2016,2020,Latinx,Male,240
North Carolina,2016,2020,Latinx,Female,40
North Carolina,2016,2020,American Indian/Alaska Native (non-Hispanic),Male,108
North Carolina,2016,2020,American Indian/Alaska Native (non-Hispanic),Female,15
North Carolina,2016,2020,Asian/Pacific Islander (non-Hispanic),Male,56
North Carolina,2016,2020,Asian/Pacific Islander (non-Hispanic),Female,16
North Carolina,2016,2020,non-Hispanic Black,Male,1715
North Carolina,2016,2020,non-Hispanic Black,Female,223
North Carolina,2016,2020,non-Hispanic white,Male,534
North Carolina,2016,2020,non-Hispanic white,Female,200
North Carolina,2016,2020,Latinx,Male,137
North Carolina,2016,2020,Latinx,Female,28
North Carolina,2016,2020,American Indian/Alaska Native (non-Hispanic),Male,73
North Carolina,2016,2020,American Indian/Alaska Native (non-Hispanic),Female,14
North Carolina,2016,2020,Asian/Pacific Islander (non-Hispanic),Male,23
North Carolina,2016,2020,Asian/Pacific Islander (non-Hispanic),Female,
North Carolina,2016,2020,non-Hispanic Black,Male,342
North Carolina,2016,2020,non-Hispanic Black,Female,37
North Carolina,2016,2020,non-Hispanic white,Male,3040
North Carolina,2016,2020,non-Hispanic white,Female,560
North Carolina,2016,2020,Latinx,Male,94
North Carolina,2016,2020,Latinx,Female,11
North Carolina,2016,2020,American Indian/Alaska Native (non-Hispanic),Male,32
North Carolina,2016,2020,American Indian/Alaska Native (non-Hispanic),Female,
North Carolina,2016,2020,Asian/Pacific Islander (non-Hispanic),Male,31
North Carolina,2016,2020,Asian/Pacific Islander (non-Hispanic),Female,
North Dakota,2016,2020,non-Hispanic Black,Male,11
North Dakota,2016,2020,non-Hispanic Black,Female,
North Dakota,2016,2020,non-Hispanic white,Male,346
North Dakota,2016,2020,non-Hispanic white,Female,55
North Dakota,2016,2020,Latinx,Male,17
North Dakota,2016,2020,Latinx,Female,
North Dakota,2016,2020,American Indian/Alaska Native (non-Hispanic),Male,31
North Dakota,2016,2020,American Indian/Alaska Native (non-Hispanic),Female,
North Dakota,2016,2020,Asian/Pacific Islander (non-Hispanic),Male,
North Dakota,2016,2020,Asian/Pacific Islander (non-Hispanic),Female,
North Dakota,2016,2020,non-Hispanic Black,Male,
North Dakota,2016,2020,non-Hispanic Black,Female,
North Dakota,2016,2020,non-Hispanic white,Male,29
North Dakota,2016,2020,non-Hispanic white,Female,
North Dakota,2016,2020,Latinx,Male,
North Dakota,2016,2020,Latinx,Female,
North Dakota,2016,2020,American Indian/Alaska Native (non-Hispanic),Male,11
North Dakota,2016,2020,American Indian/Alaska Native (non-Hispanic),Female,
North Dakota,2016,2020,Asian/Pacific Islander (non-Hispanic),Male,
North Dakota,2016,2020,Asian/Pacific Islander (non-Hispanic),Female,
North Dakota,2016,2020,non-Hispanic Black,Male,
North Dakota,2016,2020,non-Hispanic Black,Female,
North Dakota,2016,2020,non-Hispanic white,Male,310
North Dakota,2016,2020,non-Hispanic white,Female,43
North Dakota,2016,2020,Latinx,Male,14
North Dakota,2016,2020,Latinx,Female,
North Dakota,2016,2020,American Indian/Alaska Native (non-Hispanic),Male,18
North Dakota,2016,2020,American Indian/Alaska Native (non-Hispanic),Female,
North Dakota,2016,2020,Asian/Pacific Islander (non-Hispanic),Male,
North Dakota,2016,2020,Asian/Pacific Islander (non-Hispanic),Female,
Ohio,2016,2020,non-Hispanic Black,Male,2338
Ohio,2016,2020,non-Hispanic Black,Female,300
Ohio,2016,2020,non-Hispanic white,Male,4369
Ohio,2016,2020,non-Hispanic white,Female,783
Ohio,2016,2020,Latinx,Male,134
Ohio,2016,2020,Latinx,Female,25
Ohio,2016,2020,American Indian/Alaska Native (non-Hispanic),Male,
Ohio,2016,2020,American Indian/Alaska Native (non-Hispanic),Female,
Ohio,2016,2020,Asian/Pacific Islander (non-Hispanic),Male,44
Ohio,2016,2020,Asian/Pacific Islander (non-Hispanic),Female,
Ohio,2016,2020,non-Hispanic Black,Male,1972
Ohio,2016,2020,non-Hispanic Black,Female,256
Ohio,2016,2020,non-Hispanic white,Male,582
Ohio,2016,2020,non-Hispanic white,Female,254
Ohio,2016,2020,Latinx,Male,75
Ohio,2016,2020,Latinx,Female,19
Ohio,2016,2020,American Indian/Alaska Native (non-Hispanic),Male,
Ohio,2016,2020,American Indian/Alaska Native (non-Hispanic),Female,
Ohio,2016,2020,Asian/Pacific Islander (non-Hispanic),Male,19
Ohio,2016,2020,Asian/Pacific Islander (non-Hispanic),Female,
Ohio,2016,2020,non-Hispanic Black,Male,345
Ohio,2016,2020,non-Hispanic Black,Female,37
Ohio,2016,2020,non-Hispanic white,Male,3697
Ohio,2016,2020,non-Hispanic white,Female,517
Ohio,2016,2020,Latinx,Male,56
Ohio,2016,2020,Latinx,Female,
Ohio,2016,2020,American Indian/Alaska Native (non-Hispanic),Male,
Ohio,2016,2020,American Indian/Alaska Native (non-Hispanic),Female,
Ohio,2016,2020,Asian/Pacific Islander (non-Hispanic),Male,24
Ohio,2016,2020,Asian/Pacific Islander (non-Hispanic),Female,
Oklahoma,2016,2020,non-Hispanic Black,Male,468
Oklahoma,2016,2020,non-Hispanic Black,Female,61
Oklahoma,2016,2020,non-Hispanic white,Male,2107
Oklahoma,2016,2020,non-Hispanic white,Female,444
Oklahoma,2016,2020,Latinx,Male,167
Oklahoma,2016,2020,Latinx,Female,23
Oklahoma,2016,2020,American Indian/Alaska Native (non-Hispanic),Male,299
Oklahoma,2016,2020,American Indian/Alaska Native (non-Hispanic),Female,56
Oklahoma,2016,2020,Asian/Pacific Islander (non-Hispanic),Male,35
Oklahoma,2016,2020,Asian/Pacific Islander (non-Hispanic),Female,
Oklahoma,2016,2020,non-Hispanic Black,Male,363
Oklahoma,2016,2020,non-Hispanic Black,Female,48
Oklahoma,2016,2020,non-Hispanic white,Male,381
Oklahoma,2016,2020,non-Hispanic white,Female,126
Oklahoma,2016,2020,Latinx,Male,79
Oklahoma,2016,2020,Latinx,Female,14
Oklahoma,2016,2020,American Indian/Alaska Native (non-Hispanic),Male,117
Oklahoma,2016,2020,American Indian/Alaska Native (non-Hispanic),Female,19
Oklahoma,2016,2020,Asian/Pacific Islander (non-Hispanic),Male,16
Oklahoma,2016,2020,Asian/Pacific Islander (non-Hispanic),Female,
Oklahoma,2016,2020,non-Hispanic Black,Male,98
Oklahoma,2016,2020,non-Hispanic Black,Female,11
Oklahoma,2016,2020,non-Hispanic white,Male,1682
Oklahoma,2016,2020,non-Hispanic white,Female,311
Oklahoma,2016,2020,Latinx,Male,84
Oklahoma,2016,2020,Latinx,Female,
Oklahoma,2016,2020,American Indian/Alaska Native (non-Hispanic),Male,174
Oklahoma,2016,2020,American Indian/Alaska Native (non-Hispanic),Female,34
Oklahoma,2016,2020,Asian/Pacific Islander (non-Hispanic),Male,19
Oklahoma,2016,2020,Asian/Pacific Islander (non-Hispanic),Female,
Oregon,2016,2020,non-Hispanic Black,Male,80
Oregon,2016,2020,non-Hispanic Black,Female,
Oregon,2016,2020,non-Hispanic white,Male,2010
Oregon,2016,2020,non-Hispanic white,Female,366
Oregon,2016,2020,Latinx,Male,149
Oregon,2016,2020,Latinx,Female,24
Oregon,2016,2020,American Indian/Alaska Native (non-Hispanic),Male,34
Oregon,2016,2020,American Indian/Alaska Native (non-Hispanic),Female,
Oregon,2016,2020,Asian/Pacific Islander (non-Hispanic),Male,35
Oregon,2016,2020,Asian/Pacific Islander (non-Hispanic),Female,
Oregon,2016,2020,non-Hispanic Black,Male,61
Oregon,2016,2020,non-Hispanic Black,Female,
Oregon,2016,2020,non-Hispanic white,Male,243
Oregon,2016,2020,non-Hispanic white,Female,67
Oregon,2016,2020,Latinx,Male,69
Oregon,2016,2020,Latinx,Female,10
Oregon,2016,2020,American Indian/Alaska Native (non-Hispanic),Male,
Oregon,2016,2020,American Indian/Alaska Native (non-Hispanic),Female,
Oregon,2016,2020,Asian/Pacific Islander (non-Hispanic),Male,
Oregon,2016,2020,Asian/Pacific Islander (non-Hispanic),Female,
Oregon,2016,2020,non-Hispanic Black,Male,18
Oregon,2016,2020,non-Hispanic Black,Female,
Oregon,2016,2020,non-Hispanic white,Male,1733
Oregon,2016,2020,non-Hispanic white,Female,292
Oregon,2016,2020,Latinx,Male,75
Oregon,2016,2020,Latinx,Female,14
Oregon,2016,2020,American Indian/Alaska Native (non-Hispanic),Male,24
Oregon,2016,2020,American Indian/Alaska Native (non-Hispanic),Female,
Oregon,2016,2020,Asian/Pacific Islander (non-Hispanic),Male,27
Oregon,2016,2020,Asian/Pacific Islander (non-Hispanic),Female,
Pennsylvania,2016,2020,non-Hispanic Black,Male,2240
Pennsylvania,2016,2020,non-Hispanic Black,Female,197
Pennsylvania,2016,2020,non-Hispanic white,Male,4402
Pennsylvania,2016,2020,non-Hispanic white,Female,750
Pennsylvania,2016,2020,Latinx,Male,406
Pennsylvania,2016,2020,Latinx,Female,48
Pennsylvania,2016,2020,American Indian/Alaska Native (non-Hispanic),Male,
Pennsylvania,2016,2020,American Indian/Alaska Native (non-Hispanic),Female,
Pennsylvania,2016,2020,Asian/Pacific Islander (non-Hispanic),Male,55
Pennsylvania,2016,2020,Asian/Pacific Islander (non-Hispanic),Female,
Pennsylvania,2016,2020,non-Hispanic Black,Male,1993
Pennsylvania,2016,2020,non-Hispanic Black,Female,164
Pennsylvania,2016,2020,non-Hispanic white,Male,411
Pennsylvania,2016,2020,non-Hispanic white,Female,204
Pennsylvania,2016,2020,Latinx,Male,298
Pennsylvania,2016,2020,Latinx,Female,33
Pennsylvania,2016,2020,American Indian/Alaska Native (non-Hispanic),Male,
Pennsylvania,2016,2020,American Indian/Alaska Native (non-Hispanic),Female,
Pennsylvania,2016,2020,Asian/Pacific Islander (non-Hispanic),Male,13
Pennsylvania,2016,2020,Asian/Pacific Islander (non-Hispanic),Female,
Pennsylvania,2016,2020,non-Hispanic Black,Male,222
Pennsylvania,2016,2020,non-Hispanic Black,Female,29
Pennsylvania,2016,2020,non-Hispanic white,Male,3916
Pennsylvania,2016,2020,non-Hispanic white,Female,534
Pennsylvania,2016,2020,Latinx,Male,103
Pennsylvania,2016,2020,Latinx,Female,13
Pennsylvania,2016,2020,American Indian/Alaska Native (non-Hispanic),Male,
Pennsylvania,2016,2020,American Indian/Alaska Native (non-Hispanic),Female,
Pennsylvania,2016,2020,Asian/Pacific Islander (non-Hispanic),Male,40
Pennsylvania,2016,2020,Asian/Pacific Islander (non-Hispanic),Female,
Rhode Island,2016,2020,non-Hispanic Black,Male,22
Rhode Island,2016,2020,non-Hispanic Black,Female,
Rhode Island,2016,2020,non-Hispanic white,Male,154
Rhode Island,2016,2020,non-Hispanic white,Female,22
Rhode Island,2016,2020,Latinx,Male,23
Rhode Island,2016,2020,Latinx,Female,
Rhode Island,2016,2020,American Indian/Alaska Native (non-Hispanic),Male,
Rhode Island,2016,2020,American Indian/Alaska Native (non-Hispanic),Female,
Rhode Island,2016,2020,Asian/Pacific Islander (non-Hispanic),Male,
Rhode Island,2016,2020,Asian/Pacific Islander (non-Hispanic),Female,
Rhode Island,2016,2020,non-Hispanic Black,Male,19
Rhode Island,2016,2020,non-Hispanic Black,Female,
Rhode Island,2016,2020,non-Hispanic white,Male,23
Rhode Island,2016,2020,non-Hispanic white,Female,
Rhode Island,2016,2020,Latinx,Male,15
Rhode Island,2016,2020,Latinx,Female,
Rhode Island,2016,2020,American Indian/Alaska Native (non-Hispanic),Male,
Rhode Island,2016,2020,American Indian/Alaska Native (non-Hispanic),Female,
Rhode Island,2016,2020,Asian/Pacific Islander (non-Hispanic),Male,
Rhode Island,2016,2020,Asian/Pacific Islander (non-Hispanic),Female,
Rhode Island,2016,2020,non-Hispanic Black,Male,
Rhode Island,2016,2020,non-Hispanic Black,Female,
Rhode Island,2016,2020,non-Hispanic white,Male,127
Rhode Island,2016,2020,non-Hispanic white,Female,12
Rhode Island,2016,2020,Latinx,Male,
Rhode Island,2016,2020,Latinx,Female,
Rhode Island,2016,2020,American Indian/Alaska Native (non-Hispanic),Male,
Rhode Island,2016,2020,American Indian/Alaska Native (non-Hispanic),Female,
Rhode Island,2016,2020,Asian/Pacific Islander (non-Hispanic),Male,
Rhode Island,2016,2020,Asian/Pacific Islander (non-Hispanic),Female,
South Carolina,2016,2020,non-Hispanic Black,Male,1605
South Carolina,2016,2020,non-Hispanic Black,Female,202
South Carolina,2016,2020,non-Hispanic white,Male,2327
South Carolina,2016,2020,non-Hispanic white,Female,535
South Carolina,2016,2020,Latinx,Male,100
South Carolina,2016,2020,Latinx,Female,13
South Carolina,2016,2020,American Indian/Alaska Native (non-Hispanic),Male,17
South Carolina,2016,2020,American Indian/Alaska Native (non-Hispanic),Female,
South Carolina,2016,2020,Asian/Pacific Islander (non-Hispanic),Male,19
South Carolina,2016,2020,Asian/Pacific Islander (non-Hispanic),Female,
South Carolina,2016,2020,non-Hispanic Black,Male,1269
South Carolina,2016,2020,non-Hispanic Black,Female,168
South Carolina,2016,2020,non-Hispanic white,Male,407
South Carolina,2016,2020,non-Hispanic white,Female,130
South Carolina,2016,2020,Latinx,Male,49
South Carolina,2016,2020,Latinx,Female,10
South Carolina,2016,2020,American Indian/Alaska Native (non-Hispanic),Male,
South Carolina,2016,2020,American Indian/Alaska Native (non-Hispanic),Female,
South Carolina,2016,2020,Asian/Pacific Islander (non-Hispanic),Male,
South Carolina,2016,2020,Asian/Pacific Islander (non-Hispanic),Female,
South Carolina,2016,2020,non-Hispanic Black,Male,286
South Carolina,2016,2020,non-Hispanic Black,Female,30
South Carolina,2016,2020,non-Hispanic white,Male,1866
South Carolina,2016,2020,non-Hispanic white,Female,394
South Carolina,2016,2020,Latinx,Male,45
South Carolina,2016,2020,Latinx,Female,
South Carolina,2016,2020,American Indian/Alaska Native (non-Hispanic),Male,10
South Carolina,2016,2020,American Indian/Alaska Native (non-Hispanic),Female,
South Carolina,2016,2020,Asian/Pacific Islander (non-Hispanic),Male,10
South Carolina,2016,2020,Asian/Pacific Islander (non-Hispanic),Female,
South Dakota,2016,2020,non-Hispanic Black,Male,17
South Dakota,2016,2020,non-Hispanic Black,Female,
South Dakota,2016,2020,non-Hispanic white,Male,397
South Dakota,2016,2020,non-Hispanic white,Female,50
South Dakota,2016,2020,Latinx,Male,
South Dakota,2016,2020,Latinx,Female,
South Dakota,2016,2020,American Indian/Alaska Native (non-Hispanic),Male,71
South Dakota,2016,2020,American Indian/Alaska Native (non-Hispanic),Female,11
South Dakota,2016,2020,Asian/Pacific Islander (non-Hispanic),Male,
South Dakota,2016,2020,Asian/Pacific Islander (non-Hispanic),Female,
South Dakota,2016,2020,non-Hispanic Black,Male,11
South Dakota,2016,2020,non-Hispanic Black,Female,
South Dakota,2016,2020,non-Hispanic white,Male,34
South Dakota,2016,2020,non-Hispanic white,Female,
South Dakota,2016,2020,Latinx,Male,
South Dakota,2016,2020,Latinx,Female,
South Dakota,2016,2020,American Indian/Alaska Native (non-Hispanic),Male,36
South Dakota,2016,2020,American Indian/Alaska Native (non-Hispanic),Female,
South Dakota,2016,2020,Asian/Pacific Islander (non-Hispanic),Male,
South Dakota,2016,2020,Asian/Pacific Islander (non-Hispanic),Female,
South Dakota,2016,2020,non-Hispanic Black,Male,
South Dakota,2016,2020,non-Hispanic Black,Female,
South Dakota,2016,2020,non-Hispanic white,Male,350
South Dakota,2016,2020,non-Hispanic white,Female,45
South Dakota,2016,2020,Latinx,Male,
South Dakota,2016,2020,Latinx,Female,
South Dakota,2016,2020,American Indian/Alaska Native (non-Hispanic),Male,30
South Dakota,2016,2020,American Indian/Alaska Native (non-Hispanic),Female,
South Dakota,2016,2020,Asian/Pacific Islander (non-Hispanic),Male,
South Dakota,2016,2020,Asian/Pacific Islander (non-Hispanic),Female,
Tennessee,2016,2020,non-Hispanic Black,Male,1778
Tennessee,2016,2020,non-Hispanic Black,Female,233
Tennessee,2016,2020,non-Hispanic white,Male,3331
Tennessee,2016,2020,non-Hispanic white,Female,764
Tennessee,2016,2020,Latinx,Male,173
Tennessee,2016,2020,Latinx,Female,21
Tennessee,2016,2020,American Indian/Alaska Native (non-Hispanic),Male,
Tennessee,2016,2020,American Indian/Alaska Native (non-Hispanic),Female,
Tennessee,2016,2020,Asian/Pacific Islander (non-Hispanic),Male,41
Tennessee,2016,2020,Asian/Pacific Islander (non-Hispanic),Female,10
Tennessee,2016,2020,non-Hispanic Black,Male,1504
Tennessee,2016,2020,non-Hispanic Black,Female,191
Tennessee,2016,2020,non-Hispanic white,Male,546
Tennessee,2016,2020,non-Hispanic white,Female,200
Tennessee,2016,2020,Latinx,Male,115
Tennessee,2016,2020,Latinx,Female,12
Tennessee,2016,2020,American Indian/Alaska Native (non-Hispanic),Male,
Tennessee,2016,2020,American Indian/Alaska Native (non-Hispanic),Female,
Tennessee,2016,2020,Asian/Pacific Islander (non-Hispanic),Male,16
Tennessee,2016,2020,Asian/Pacific Islander (non-Hispanic),Female,
Tennessee,2016,2020,non-Hispanic Black,Male,242
Tennessee,2016,2020,non-Hispanic Black,Female,38
Tennessee,2016,2020,non-Hispanic white,Male,2670
Tennessee,2016,2020,non-Hispanic white,Female,538
Tennessee,2016,2020,Latinx,Male,53
Tennessee,2016,2020,Latinx,Female,
Tennessee,2016,2020,American Indian/Alaska Native (non-Hispanic),Male,
Tennessee,2016,2020,American Indian/Alaska Native (non-Hispanic),Female,
Tennessee,2016,2020,Asian/Pacific Islander (non-Hispanic),Male,25
Tennessee,2016,2020,Asian/Pacific Islander (non-Hispanic),Female,
Texas,2016,2020,non-Hispanic Black,Male,3173
Texas,2016,2020,non-Hispanic Black,Female,440
Texas,2016,2020,non-Hispanic white,Male,8142
Texas,2016,2020,non-Hispanic white,Female,1776
Texas,2016,2020,Latinx,Male,3672
Texas,2016,2020,Latinx,Female,630
Texas,2016,2020,American Indian/Alaska Native (non-Hispanic),Male,33
Texas,2016,2020,American Indian/Alaska Native (non-Hispanic),Female,
Texas,2016,2020,Asian/Pacific Islander (non-Hispanic),Male,272
Texas,2016,2020,Asian/Pacific Islander (non-Hispanic),Female,58
Texas,2016,2020,non-Hispanic Black,Male,2474
Texas,2016,2020,non-Hispanic Black,Female,326
Texas,2016,2020,non-Hispanic white,Male,1157
Texas,2016,2020,non-Hispanic white,Female,454
Texas,2016,2020,Latinx,Male,1967
Texas,2016,2020,Latinx,Female,376
Texas,2016,2020,American Indian/Alaska Native (non-Hispanic),Male,12
Texas,2016,2020,American Indian/Alaska Native (non-Hispanic),Female,
Texas,2016,2020,Asian/Pacific Islander (non-Hispanic),Male,64
Texas,2016,2020,Asian/Pacific Islander (non-Hispanic),Female,27
Texas,2016,2020,non-Hispanic Black,Male,640
Texas,2016,2020,non-Hispanic Black,Female,106
Texas,2016,2020,non-Hispanic white,Male,6813
Texas,2016,2020,non-Hispanic white,Female,1293
Texas,2016,2020,Latinx,Male,1598
Texas,2016,2020,Latinx,Female,231
Texas,2016,2020,American Indian/Alaska Native (non-Hispanic),Male,21
Texas,2016,2020,American Indian/Alaska Native (non-Hispanic),Female,
Texas,2016,2020,Asian/Pacific Islander (non-Hispanic),Male,202
Texas,2016,2020,Asian/Pacific Islander (non-Hispanic),Female,31
United States,2016,2020,non-Hispanic Black,Male,48460
United States,2016,2020,non-Hispanic Black,Female,5945
United States,2016,2020,non-Hispanic white,Male,102779
United States,2016,2020,non-Hispanic white,Female,19578
United States,2016,2020,Latinx,Male,18104
United States,2016,2020,Latinx,Female,2630
United States,2016,2020,American Indian/Alaska Native (non-Hispanic),Male,1777
United States,2016,2020,American Indian/Alaska Native (non-Hispanic),Female,341
United States,2016,2020,Asian/Pacific Islander (non-Hispanic),Male,2525
United States,2016,2020,Asian/Pacific Islander (non-Hispanic),Female,532
United States,2016,2020,non-Hispanic Black,Male,40784
United States,2016,2020,non-Hispanic Black,Female,4912
United States,2016,2020,non-Hispanic white,Male,13763
United States,2016,2020,non-Hispanic white,Female,5150
United States,2016,2020,Latinx,Male,10888
United States,2016,2020,Latinx,Female,1678
United States,2016,2020,American Indian/Alaska Native (non-Hispanic),Male,770
United States,2016,2020,American Indian/Alaska Native (non-Hispanic),Female,169
United States,2016,2020,Asian/Pacific Islander (non-Hispanic),Male,897
United States,2016,2020,Asian/Pacific Islander (non-Hispanic),Female,279
United States,2016,2020,non-Hispanic Black,Male,6853
United States,2016,2020,non-Hispanic Black,Female,905
United States,2016,2020,non-Hispanic white,Male,86894
United States,2016,2020,non-Hispanic white,Female,13977
United States,2016,2020,Latinx,Male,6777
United States,2016,2020,Latinx,Female,884
United States,2016,2020,American Indian/Alaska Native (non-Hispanic),Male,935
United States,2016,2020,American Indian/Alaska Native (non-Hispanic),Female,155
United States,2016,2020,Asian/Pacific Islander (non-Hispanic),Male,1573
United States,2016,2020,Asian/Pacific Islander (non-Hispanic),Female,245
Utah,2016,2020,non-Hispanic Black,Male,35
Utah,2016,2020,non-Hispanic Black,Female,
Utah,2016,2020,non-Hispanic white,Male,1427
Utah,2016,2020,non-Hispanic white,Female,252
Utah,2016,2020,Latinx,Male,184
Utah,2016,2020,Latinx,Female,26
Utah,2016,2020,American Indian/Alaska Native (non-Hispanic),Male,27
Utah,2016,2020,American Indian/Alaska Native (non-Hispanic),Female,
Utah,2016,2020,Asian/Pacific Islander (non-Hispanic),Male,36
Utah,2016,2020,Asian/Pacific Islander (non-Hispanic),Female,
Utah,2016,2020,non-Hispanic Black,Male,20
Utah,2016,2020,non-Hispanic Black,Female,
Utah,2016,2020,non-Hispanic white,Male,126
Utah,2016,2020,non-Hispanic white,Female,41
Utah,2016,2020,Latinx,Male,81
Utah,2016,2020,Latinx,Female,17
Utah,2016,2020,American Indian/Alaska Native (non-Hispanic),Male,10
Utah,2016,2020,American Indian/Alaska Native (non-Hispanic),Female,
Utah,2016,2020,Asian/Pacific Islander (non-Hispanic),Male,10
Utah,2016,2020,Asian/Pacific Islander (non-Hispanic),Female,
Utah,2016,2020,non-Hispanic Black,Male,15
Utah,2016,2020,non-Hispanic Black,Female,
Utah,2016,2020,non-Hispanic white,Male,1285
Utah,2016,2020,non-Hispanic white,Female,204
Utah,2016,2020,Latinx,Male,100
Utah,2016,2020,Latinx,Female,
Utah,2016,2020,American Indian/Alaska Native (non-Hispanic),Male,17
Utah,2016,2020,American Indian/Alaska Native (non-Hispanic),Female,
Utah,2016,2020,Asian/Pacific Islander (non-Hispanic),Male,24
Utah,2016,2020,Asian/Pacific Islander (non-Hispanic),Female,
Vermont,2016,2020,non-Hispanic Black,Male,
Vermont,2016,2020,non-Hispanic Black,Female,
Vermont,2016,2020,non-Hispanic white,Male,316
Vermont,2016,2020,non-Hispanic white,Female,40
Vermont,2016,2020,Latinx,Male,
Vermont,2016,2020,Latinx,Female,
Vermont,2016,2020,American Indian/Alaska Native (non-Hispanic),Male,
Vermont,2016,2020,American Indian/Alaska Native (non-Hispanic),Female,
Vermont,2016,2020,Asian/Pacific Islander (non-Hispanic),Male,
Vermont,2016,2020,Asian/Pacific Islander (non-Hispanic),Female,
Vermont,2016,2020,non-Hispanic Black,Male,
Vermont,2016,2020,non-Hispanic Black,Female,
Vermont,2016,2020,non-Hispanic white,Male,23
Vermont,2016,2020,non-Hispanic white,Female,12
Vermont,2016,2020,Latinx,Male,
Vermont,2016,2020,Latinx,Female,
Vermont,2016,2020,American Indian/Alaska Native (non-Hispanic),Male,
Vermont,2016,2020,American Indian/Alaska Native (non-Hispanic),Female,
Vermont,2016,2020,Asian/Pacific Islander (non-Hispanic),Male,
Vermont,2016,2020,Asian/Pacific Islander (non-Hispanic),Female,
Vermont,2016,2020,non-Hispanic Black,Male,
Vermont,2016,2020,non-Hispanic Black,Female,
Vermont,2016,2020,non-Hispanic white,Male,291
Vermont,2016,2020,non-Hispanic white,Female,28
Vermont,2016,2020,Latinx,Male,
Vermont,2016,2020,Latinx,Female,
Vermont,2016,2020,American Indian/Alaska Native (non-Hispanic),Male,
Vermont,2016,2020,American Indian/Alaska Native (non-Hispanic),Female,
Vermont,2016,2020,Asian/Pacific Islander (non-Hispanic),Male,
Vermont,2016,2020,Asian/Pacific Islander (non-Hispanic),Female,
Virginia,2016,2020,non-Hispanic Black,Male,1475
Virginia,2016,2020,non-Hispanic Black,Female,189
Virginia,2016,2020,non-Hispanic white,Male,2774
Virginia,2016,2020,non-Hispanic white,Female,603
Virginia,2016,2020,Latinx,Male,141
Virginia,2016,2020,Latinx,Female,30
Virginia,2016,2020,American Indian/Alaska Native (non-Hispanic),Male,13
Virginia,2016,2020,American Indian/Alaska Native (non-Hispanic),Female,
Virginia,2016,2020,Asian/Pacific Islander (non-Hispanic),Male,64
Virginia,2016,2020,Asian/Pacific Islander (non-Hispanic),Female,16
Virginia,2016,2020,non-Hispanic Black,Male,1118
Virginia,2016,2020,non-Hispanic Black,Female,156
Virginia,2016,2020,non-Hispanic white,Male,322
Virginia,2016,2020,non-Hispanic white,Female,142
Virginia,2016,2020,Latinx,Male,70
Virginia,2016,2020,Latinx,Female,14
Virginia,2016,2020,American Indian/Alaska Native (non-Hispanic),Male,
Virginia,2016,2020,American Indian/Alaska Native (non-Hispanic),Female,
Virginia,2016,2020,Asian/Pacific Islander (non-Hispanic),Male,17
Virginia,2016,2020,Asian/Pacific Islander (non-Hispanic),Female,
Virginia,2016,2020,non-Hispanic Black,Male,326
Virginia,2016,2020,non-Hispanic Black,Female,31
Virginia,2016,2020,non-Hispanic white,Male,2411
Virginia,2016,2020,non-Hispanic white,Female,449
Virginia,2016,2020,Latinx,Male,70
Virginia,2016,2020,Latinx,Female,16
Virginia,2016,2020,American Indian/Alaska Native (non-Hispanic),Male,10
Virginia,2016,2020,American Indian/Alaska Native (non-Hispanic),Female,
Virginia,2016,2020,Asian/Pacific Islander (non-Hispanic),Male,46
Virginia,2016,2020,Asian/Pacific Islander (non-Hispanic),Female,10
Washington,2016,2020,non-Hispanic Black,Male,280
Washington,2016,2020,non-Hispanic Black,Female,27
Washington,2016,2020,non-Hispanic white,Male,2610
Washington,2016,2020,non-Hispanic white,Female,464
Washington,2016,2020,Latinx,Male,363
Washington,2016,2020,Latinx,Female,51
Washington,2016,2020,American Indian/Alaska Native (non-Hispanic),Male,77
Washington,2016,2020,American Indian/Alaska Native (non-Hispanic),Female,12
Washington,2016,2020,Asian/Pacific Islander (non-Hispanic),Male,140
Washington,2016,2020,Asian/Pacific Islander (non-Hispanic),Female,23
Washington,2016,2020,non-Hispanic Black,Male,195
Washington,2016,2020,non-Hispanic Black,Female,20
Washington,2016,2020,non-Hispanic white,Male,324
Washington,2016,2020,non-Hispanic white,Female,120
Washington,2016,2020,Latinx,Male,193
Washington,2016,2020,Latinx,Female,29
Washington,2016,2020,American Indian/Alaska Native (non-Hispanic),Male,35
Washington,2016,2020,American Indian/Alaska Native (non-Hispanic),Female,10
Washington,2016,2020,Asian/Pacific Islander (non-Hispanic),Male,50
Washington,2016,2020,Asian/Pacific Islander (non-Hispanic),Female,
Washington,2016,2020,non-Hispanic Black,Male,83
Washington,2016,2020,non-Hispanic Black,Female,
Washington,2016,2020,non-Hispanic white,Male,2260
Washington,2016,2020,non-Hispanic white,Female,339
Washington,2016,2020,Latinx,Male,157
Washington,2016,2020,Latinx,Female,17
Washington,2016,2020,American Indian/Alaska Native (non-Hispanic),Male,41
Washington,2016,2020,American Indian/Alaska Native (non-Hispanic),Female,
Washington,2016,2020,Asian/Pacific Islander (non-Hispanic),Male,87
Washington,2016,2020,Asian/Pacific Islander (non-Hispanic),Female,14
West Virginia,2016,2020,non-Hispanic Black,Male,86
West Virginia,2016,2020,non-Hispanic Black,Female,15
West Virginia,2016,2020,non-Hispanic white,Male,1266
West Virginia,2016,2020,non-Hispanic white,Female,263
West Virginia,2016,2020,Latinx,Male,
West Virginia,2016,2020,Latinx,Female,
West Virginia,2016,2020,American Indian/Alaska Native (non-Hispanic),Male,
West Virginia,2016,2020,American Indian/Alaska Native (non-Hispanic),Female,
West Virginia,2016,2020,Asian/Pacific Islander (non-Hispanic),Male,
West Virginia,2016,2020,Asian/Pacific Islander (non-Hispanic),Female,
West Virginia,2016,2020,non-Hispanic Black,Male,60
West Virginia,2016,2020,non-Hispanic Black,Female,11
West Virginia,2016,2020,non-Hispanic white,Male,254
West Virginia,2016,2020,non-Hispanic white,Female,77
West Virginia,2016,2020,Latinx,Male,
West Virginia,2016,2020,Latinx,Female,
West Virginia,2016,2020,American Indian/Alaska Native (non-Hispanic),Male,
West Virginia,2016,2020,American Indian/Alaska Native (non-Hispanic),Female,
West Virginia,2016,2020,Asian/Pacific Islander (non-Hispanic),Male,
West Virginia,2016,2020,Asian/Pacific Islander (non-Hispanic),Female,
West Virginia,2016,2020,non-Hispanic Black,Male,23
West Virginia,2016,2020,non-Hispanic Black,Female,
West Virginia,2016,2020,non-Hispanic white,Male,967
West Virginia,2016,2020,non-Hispanic white,Female,174
West Virginia,2016,2020,Latinx,Male,
West Virginia,2016,2020,Latinx,Female,
West Virginia,2016,2020,American Indian/Alaska Native (non-Hispanic),Male,
West Virginia,2016,2020,American Indian/Alaska Native (non-Hispanic),Female,
West Virginia,2016,2020,Asian/Pacific Islander (non-Hispanic),Male,
West Virginia,2016,2020,Asian/Pacific Islander (non-Hispanic),Female,
Wisconsin,2016,2020,non-Hispanic Black,Male,598
Wisconsin,2016,2020,non-Hispanic Black,Female,98
Wisconsin,2016,2020,non-Hispanic white,Male,2032
Wisconsin,2016,2020,non-Hispanic white,Female,268
Wisconsin,2016,2020,Latinx,Male,126
Wisconsin,2016,2020,Latinx,Female,14
Wisconsin,2016,2020,American Indian/Alaska Native (non-Hispanic),Male,31
Wisconsin,2016,2020,American Indian/Alaska Native (non-Hispanic),Female,
Wisconsin,2016,2020,Asian/Pacific Islander (non-Hispanic),Male,27
Wisconsin,2016,2020,Asian/Pacific Islander (non-Hispanic),Female,12
Wisconsin,2016,2020,non-Hispanic Black,Male,515
Wisconsin,2016,2020,non-Hispanic Black,Female,89
Wisconsin,2016,2020,non-Hispanic white,Male,173
Wisconsin,2016,2020,non-Hispanic white,Female,78
Wisconsin,2016,2020,Latinx,Male,74
Wisconsin,2016,2020,Latinx,Female,11
Wisconsin,2016,2020,American Indian/Alaska Native (non-Hispanic),Male,
Wisconsin,2016,2020,American Indian/Alaska Native (non-Hispanic),Female,
Wisconsin,2016,2020,Asian/Pacific Islander (non-Hispanic),Male,10
Wisconsin,2016,2020,Asian/Pacific Islander (non-Hispanic),Female,
Wisconsin,2016,2020,non-Hispanic Black,Male,71
Wisconsin,2016,2020,non-Hispanic Black,Female,
Wisconsin,2016,2020,non-Hispanic white,Male,1820
Wisconsin,2016,2020,non-Hispanic white,Female,187
Wisconsin,2016,2020,Latinx,Male,50
Wisconsin,2016,2020,Latinx,Female,
Wisconsin,2016,2020,American Indian/Alaska Native (non-Hispanic),Male,20
Wisconsin,2016,2020,American Indian/Alaska Native (non-Hispanic),Female,
Wisconsin,2016,2020,Asian/Pacific Islander (non-Hispanic),Male,16
Wisconsin,2016,2020,Asian/Pacific Islander (non-Hispanic),Female,
Wyoming,2016,2020,non-Hispanic Black,Male,
Wyoming,2016,2020,non-Hispanic Black,Female,
Wyoming,2016,2020,non-Hispanic white,Male,482
Wyoming,2016,2020,non-Hispanic white,Female,89
Wyoming,2016,2020,Latinx,Male,24
Wyoming,2016,2020,Latinx,Female,
Wyoming,2016,2020,American Indian/Alaska Native (non-Hispanic),Male,15
Wyoming,2016,2020,American Indian/Alaska Native (non-Hispanic),Female,
Wyoming,2016,2020,Asian/Pacific Islander (non-Hispanic),Male,
Wyoming,2016,2020,Asian/Pacific Islander (non-Hispanic),Female,
Wyoming,2016,2020,non-Hispanic Black,Male,
Wyoming,2016,2020,non-Hispanic Black,Female,
Wyoming,2016,2020,non-Hispanic white,Male,35
Wyoming,2016,2020,non-Hispanic white,Female,18
Wyoming,2016,2020,Latinx,Male,
Wyoming,2016,2020,Latinx,Female,
Wyoming,2016,2020,American Indian/Alaska Native (non-Hispanic),Male,
Wyoming,2016,2020,American Indian/Alaska Native (non-Hispanic),Female,
Wyoming,2016,2020,Asian/Pacific Islander (non-Hispanic),Male,
Wyoming,2016,2020,Asian/Pacific Islander (non-Hispanic),Female,
Wyoming,2016,2020,non-Hispanic Black,Male,
Wyoming,2016,2020,non-Hispanic Black,Female,
Wyoming,2016,2020,non-Hispanic white,Male,432
Wyoming,2016,2020,non-Hispanic white,Female,69
Wyoming,2016,2020,Latinx,Male,17
Wyoming,2016,2020,Latinx,Female,
Wyoming,2016,2020,American Indian/Alaska Native (non-Hispanic),Male,
Wyoming,2016,2020,American Indian/Alaska Native (non-Hispanic),Female,
Wyoming,2016,2020,Asian/Pacific Islander (non-Hispanic),Male,
Wyoming,2016,2020,Asian/Pacific Islander (non-Hispanic),Female,
